country,date,label,value
China (People's Republic of),1990-01-01,Área Agrícola,512271.0
Australia,1990-01-01,Área Agrícola,464026.542
United States,1990-01-01,Área Agrícola,426948.0
Brazil,1990-01-01,Área Agrícola,233480.2
India,1990-01-01,Área Agrícola,181586.0
Argentina,1990-01-01,Área Agrícola,127660.0
Mexico,1990-01-01,Área Agrícola,105151.0
South Africa,1990-01-01,Área Agrícola,96005.0
Canada,1990-01-01,Área Agrícola,58580.734
Colombia,1990-01-01,Área Agrícola,45083.0
Türkiye,1990-01-01,Área Agrícola,42003.0
Indonesia,1990-01-01,Área Agrícola,41524.0
Spain,1990-01-01,Área Agrícola,30625.2
France,1990-01-01,Área Agrícola,30494.2
Poland,1990-01-01,Área Agrícola,18645.6
Italy,1990-01-01,Área Agrícola,18166.3
Germany,1990-01-01,Área Agrícola,17869.1
United Kingdom,1990-01-01,Área Agrícola,16998.5
Chile,1990-01-01,Área Agrícola,15899.0
Romania,1990-01-01,Área Agrícola,14802.3
New Zealand,1990-01-01,Área Agrícola,13163.8
Philippines,1990-01-01,Área Agrícola,11157.0
Viet Nam,1990-01-01,Área Agrícola,6751.0
Hungary,1990-01-01,Área Agrícola,6473.1
Bulgaria,1990-01-01,Área Agrícola,6159.0
Japan,1990-01-01,Área Agrícola,5242.7
Greece,1990-01-01,Área Agrícola,5180.1
Ireland,1990-01-01,Área Agrícola,4536.4
Czech Republic,1990-01-01,Área Agrícola,4288.0
Portugal,1990-01-01,Área Agrícola,4019.0
Lithuania,1990-01-01,Área Agrícola,3513.5
Austria,1990-01-01,Área Agrícola,3458.0
Sweden,1990-01-01,Área Agrícola,3416.4
Denmark,1990-01-01,Área Agrícola,2788.3
Finland,1990-01-01,Área Agrícola,2559.7
Latvia,1990-01-01,Área Agrícola,2539.6
Korea,1990-01-01,Área Agrícola,2499.36
Slovak Republic,1990-01-01,Área Agrícola,2416.6
Costa Rica,1990-01-01,Área Agrícola,2198.6
Netherlands,1990-01-01,Área Agrícola,2019.3
Iceland,1990-01-01,Área Agrícola,1907.332
Belgium,1990-01-01,Área Agrícola,1384.0
Estonia,1990-01-01,Área Agrícola,1357.8
Israel,1990-01-01,Área Agrícola,435.03
Cyprus,1990-01-01,Área Agrícola,140.8
Luxembourg,1990-01-01,Área Agrícola,126.6
Malta,1990-01-01,Área Agrícola,11.0
China (People's Republic of),1991-01-01,Área Agrícola,515198.0
Australia,1991-01-01,Área Agrícola,462763.419
United States,1991-01-01,Área Agrícola,426948.0
Brazil,1991-01-01,Área Agrícola,232060.4
Russia,1991-01-01,Área Agrícola,221631.0
Kazakhstan,1991-01-01,Área Agrícola,221463.0
India,1991-01-01,Área Agrícola,181305.0
Argentina,1991-01-01,Área Agrícola,127755.0
Mexico,1991-01-01,Área Agrícola,106154.0
South Africa,1991-01-01,Área Agrícola,96473.0
Canada,1991-01-01,Área Agrícola,60891.432
Colombia,1991-01-01,Área Agrícola,44884.0
Ukraine,1991-01-01,Área Agrícola,41929.0
Indonesia,1991-01-01,Área Agrícola,41351.0
Türkiye,1991-01-01,Área Agrícola,40031.0
France,1991-01-01,Área Agrícola,30369.3
Spain,1991-01-01,Área Agrícola,30054.1
Poland,1991-01-01,Área Agrícola,18600.5
Italy,1991-01-01,Área Agrícola,17570.6
Germany,1991-01-01,Área Agrícola,17136.5
United Kingdom,1991-01-01,Área Agrícola,16928.3
Chile,1991-01-01,Área Agrícola,15789.0
Romania,1991-01-01,Área Agrícola,14790.1
New Zealand,1991-01-01,Área Agrícola,13150.7
Philippines,1991-01-01,Área Agrícola,11115.0
Viet Nam,1991-01-01,Área Agrícola,7025.0
Hungary,1991-01-01,Área Agrícola,6459.7
Bulgaria,1991-01-01,Área Agrícola,6159.0
Japan,1991-01-01,Área Agrícola,5204.7
Greece,1991-01-01,Área Agrícola,5169.4
Ireland,1991-01-01,Área Agrícola,4443.8
Czech Republic,1991-01-01,Área Agrícola,4285.0
Portugal,1991-01-01,Área Agrícola,4120.9
Lithuania,1991-01-01,Área Agrícola,3511.6
Austria,1991-01-01,Área Agrícola,3477.0
Sweden,1991-01-01,Área Agrícola,3358.0
Denmark,1991-01-01,Área Agrícola,2785.7
Finland,1991-01-01,Área Agrícola,2539.2
Latvia,1991-01-01,Área Agrícola,2523.3
Korea,1991-01-01,Área Agrícola,2422.16
Slovak Republic,1991-01-01,Área Agrícola,2416.6
Costa Rica,1991-01-01,Área Agrícola,2203.618
Netherlands,1991-01-01,Área Agrícola,1970.5
Iceland,1991-01-01,Área Agrícola,1906.871
Belgium,1991-01-01,Área Agrícola,1374.8
Estonia,1991-01-01,Área Agrícola,1374.5
Slovenia,1991-01-01,Área Agrícola,841.9
Israel,1991-01-01,Área Agrícola,434.98
Cyprus,1991-01-01,Área Agrícola,143.7
Luxembourg,1991-01-01,Área Agrícola,125.6
China (People's Republic of),1992-01-01,Área Agrícola,519106.0
Australia,1992-01-01,Área Agrícola,465953.494
United States,1992-01-01,Área Agrícola,425429.0
Brazil,1992-01-01,Área Agrícola,230640.6
Kazakhstan,1992-01-01,Área Agrícola,221747.0
Russia,1992-01-01,Área Agrícola,218795.0
India,1992-01-01,Área Agrícola,181382.0
Argentina,1992-01-01,Área Agrícola,127850.0
Mexico,1992-01-01,Área Agrícola,106177.0
South Africa,1992-01-01,Área Agrícola,96936.0
Canada,1992-01-01,Área Agrícola,60207.325
Colombia,1992-01-01,Área Agrícola,44983.0
Indonesia,1992-01-01,Área Agrícola,42016.0
Ukraine,1992-01-01,Área Agrícola,41890.0
Türkiye,1992-01-01,Área Agrícola,39952.0
France,1992-01-01,Área Agrícola,30230.9
Spain,1992-01-01,Área Agrícola,30000.0
Poland,1992-01-01,Área Agrícola,18535.1
Italy,1992-01-01,Área Agrícola,17203.0
Germany,1992-01-01,Área Agrícola,16950.1
United Kingdom,1992-01-01,Área Agrícola,16851.7
Chile,1992-01-01,Área Agrícola,15556.0
Romania,1992-01-01,Área Agrícola,14793.2
New Zealand,1992-01-01,Área Agrícola,13137.2
Philippines,1992-01-01,Área Agrícola,11065.0
Viet Nam,1992-01-01,Área Agrícola,7087.0
Bulgaria,1992-01-01,Área Agrícola,6159.0
Hungary,1992-01-01,Área Agrícola,6135.7
Greece,1992-01-01,Área Agrícola,5180.7
Japan,1992-01-01,Área Agrícola,5164.5
Ireland,1992-01-01,Área Agrícola,4415.2
Czech Republic,1992-01-01,Área Agrícola,4283.0
Portugal,1992-01-01,Área Agrícola,4052.9
Lithuania,1992-01-01,Área Agrícola,3524.1
Austria,1992-01-01,Área Agrícola,3467.8
Sweden,1992-01-01,Área Agrícola,3336.0
Denmark,1992-01-01,Área Agrícola,2755.3
Finland,1992-01-01,Área Agrícola,2528.5
Latvia,1992-01-01,Área Agrícola,2466.3
Slovak Republic,1992-01-01,Área Agrícola,2418.8
Korea,1992-01-01,Área Agrícola,2348.723
Costa Rica,1992-01-01,Área Agrícola,2160.0
Netherlands,1992-01-01,Área Agrícola,1964.5
Iceland,1992-01-01,Área Agrícola,1906.413
Estonia,1992-01-01,Área Agrícola,1374.1
Belgium,1992-01-01,Área Agrícola,1353.8
Slovenia,1992-01-01,Área Agrícola,567.2
Israel,1992-01-01,Área Agrícola,434.96
Cyprus,1992-01-01,Área Agrícola,142.5
Luxembourg,1992-01-01,Área Agrícola,125.7
China (People's Republic of),1993-01-01,Área Agrícola,523713.0
Australia,1993-01-01,Área Agrícola,460097.296
United States,1993-01-01,Área Agrícola,422948.0
Brazil,1993-01-01,Área Agrícola,229220.8
Kazakhstan,1993-01-01,Área Agrícola,221651.0
Russia,1993-01-01,Área Agrícola,217711.0
India,1993-01-01,Área Agrícola,181291.0
Argentina,1993-01-01,Área Agrícola,127948.0
Mexico,1993-01-01,Área Agrícola,106180.0
South Africa,1993-01-01,Área Agrícola,97265.0
Canada,1993-01-01,Área Agrícola,60761.724
Colombia,1993-01-01,Área Agrícola,44903.0
Indonesia,1993-01-01,Área Agrícola,41971.0
Ukraine,1993-01-01,Área Agrícola,41861.0
Türkiye,1993-01-01,Área Agrícola,39912.0
France,1993-01-01,Área Agrícola,30121.3
Spain,1993-01-01,Área Agrícola,29755.9
Poland,1993-01-01,Área Agrícola,18476.6
Germany,1993-01-01,Área Agrícola,17219.5
Italy,1993-01-01,Área Agrícola,16484.1
United Kingdom,1993-01-01,Área Agrícola,16355.5
Chile,1993-01-01,Área Agrícola,15477.0
Romania,1993-01-01,Área Agrícola,14797.5
New Zealand,1993-01-01,Área Agrícola,13092.2
Philippines,1993-01-01,Área Agrícola,11015.0
Viet Nam,1993-01-01,Área Agrícola,7140.0
Bulgaria,1993-01-01,Área Agrícola,6159.0
Hungary,1993-01-01,Área Agrícola,6129.1
Greece,1993-01-01,Área Agrícola,5161.9
Japan,1993-01-01,Área Agrícola,5124.8
Ireland,1993-01-01,Área Agrícola,4406.3
Czech Republic,1993-01-01,Área Agrícola,4282.0
Portugal,1993-01-01,Área Agrícola,4033.0
Lithuania,1993-01-01,Área Agrícola,3519.3
Austria,1993-01-01,Área Agrícola,3448.3
Sweden,1993-01-01,Área Agrícola,3200.8
Denmark,1993-01-01,Área Agrícola,2710.9
Slovak Republic,1993-01-01,Área Agrícola,2420.7
Korea,1993-01-01,Área Agrícola,2360.714
Finland,1993-01-01,Área Agrícola,2292.9
Latvia,1993-01-01,Área Agrícola,2292.2
Costa Rica,1993-01-01,Área Agrícola,2113.0
Netherlands,1993-01-01,Área Agrícola,1966.8
Iceland,1993-01-01,Área Agrícola,1906.092
Belgium,1993-01-01,Área Agrícola,1370.8
Estonia,1993-01-01,Área Agrícola,1320.6
Slovenia,1993-01-01,Área Agrícola,565.4
Israel,1993-01-01,Área Agrícola,435.01
Cyprus,1993-01-01,Área Agrícola,133.4
Luxembourg,1993-01-01,Área Agrícola,127.3
China (People's Republic of),1994-01-01,Área Agrícola,523714.0
Australia,1994-01-01,Área Agrícola,469047.583
United States,1994-01-01,Área Agrícola,421139.0
Brazil,1994-01-01,Área Agrícola,227805.0
Kazakhstan,1994-01-01,Área Agrícola,217186.5
Russia,1994-01-01,Área Agrícola,216400.0
India,1994-01-01,Área Agrícola,180945.0
Argentina,1994-01-01,Área Agrícola,128045.0
Mexico,1994-01-01,Área Agrícola,106190.0
South Africa,1994-01-01,Área Agrícola,97520.0
Canada,1994-01-01,Área Agrícola,61398.531
Colombia,1994-01-01,Área Agrícola,44865.0
Indonesia,1994-01-01,Área Agrícola,42978.0
Ukraine,1994-01-01,Área Agrícola,41853.0
Türkiye,1994-01-01,Área Agrícola,40048.0
France,1994-01-01,Área Agrícola,30037.5
Spain,1994-01-01,Área Agrícola,29597.5
Poland,1994-01-01,Área Agrícola,18449.9
Germany,1994-01-01,Área Agrícola,17354.3
Italy,1994-01-01,Área Agrícola,16426.0
United Kingdom,1994-01-01,Área Agrícola,16177.0
Chile,1994-01-01,Área Agrícola,15450.0
Romania,1994-01-01,Área Agrícola,14797.2
New Zealand,1994-01-01,Área Agrícola,13036.4
Philippines,1994-01-01,Área Agrícola,11015.0
Viet Nam,1994-01-01,Área Agrícola,7079.0
Bulgaria,1994-01-01,Área Agrícola,6164.0
Hungary,1994-01-01,Área Agrícola,6122.0
Greece,1994-01-01,Área Agrícola,5115.9
Japan,1994-01-01,Área Agrícola,5082.0
Ireland,1994-01-01,Área Agrícola,4392.7
Czech Republic,1994-01-01,Área Agrícola,4281.0
Portugal,1994-01-01,Área Agrícola,4046.6
Lithuania,1994-01-01,Área Agrícola,3513.0
Austria,1994-01-01,Área Agrícola,3449.3
Sweden,1994-01-01,Área Agrícola,3371.0
Denmark,1994-01-01,Área Agrícola,2712.6
Slovak Republic,1994-01-01,Área Agrícola,2446.0
Finland,1994-01-01,Área Agrícola,2318.0
Korea,1994-01-01,Área Agrícola,2274.18
Costa Rica,1994-01-01,Área Agrícola,2095.0
Latvia,1994-01-01,Área Agrícola,2052.4
Netherlands,1994-01-01,Área Agrícola,1960.5
Iceland,1994-01-01,Área Agrícola,1906.892
Belgium,1994-01-01,Área Agrícola,1370.2
Estonia,1994-01-01,Área Agrícola,1100.7
Slovenia,1994-01-01,Área Agrícola,522.0
Israel,1994-01-01,Área Agrícola,435.01
Cyprus,1994-01-01,Área Agrícola,134.4
Luxembourg,1994-01-01,Área Agrícola,126.8
China (People's Republic of),1995-01-01,Área Agrícola,523752.0
Australia,1995-01-01,Área Agrícola,463347.33
United States,1995-01-01,Área Agrícola,420139.0
Brazil,1995-01-01,Área Agrícola,227908.7
Russia,1995-01-01,Área Agrícola,216111.0
Kazakhstan,1995-01-01,Área Agrícola,215473.6
India,1995-01-01,Área Agrícola,180589.0
Argentina,1995-01-01,Área Agrícola,128142.0
Mexico,1995-01-01,Área Agrícola,106195.0
South Africa,1995-01-01,Área Agrícola,97890.0
Canada,1995-01-01,Área Agrícola,60801.485
Colombia,1995-01-01,Área Agrícola,44513.0
Indonesia,1995-01-01,Área Agrícola,42968.0
Ukraine,1995-01-01,Área Agrícola,41840.0
Türkiye,1995-01-01,Área Agrícola,39211.0
France,1995-01-01,Área Agrícola,30017.4
Spain,1995-01-01,Área Agrícola,29863.7
Poland,1995-01-01,Área Agrícola,18411.9
Germany,1995-01-01,Área Agrícola,17344.3
Italy,1995-01-01,Área Agrícola,16172.3
United Kingdom,1995-01-01,Área Agrícola,16126.0
Chile,1995-01-01,Área Agrícola,15330.0
Romania,1995-01-01,Área Agrícola,14787.1
New Zealand,1995-01-01,Área Agrícola,12952.2
Philippines,1995-01-01,Área Agrícola,11105.0
Viet Nam,1995-01-01,Área Agrícola,7682.0
Hungary,1995-01-01,Área Agrícola,6179.3
Bulgaria,1995-01-01,Área Agrícola,6164.0
Greece,1995-01-01,Área Agrícola,5116.0
Japan,1995-01-01,Área Agrícola,5038.3
Ireland,1995-01-01,Área Agrícola,4388.5
Czech Republic,1995-01-01,Área Agrícola,4280.0
Portugal,1995-01-01,Área Agrícola,4001.9
Lithuania,1995-01-01,Área Agrícola,3506.8
Sweden,1995-01-01,Área Agrícola,3148.2
Denmark,1995-01-01,Área Agrícola,2721.6
Latvia,1995-01-01,Área Agrícola,2540.3
Slovak Republic,1995-01-01,Área Agrícola,2445.9
Korea,1995-01-01,Área Agrícola,2262.64
Finland,1995-01-01,Área Agrícola,2161.1
Costa Rica,1995-01-01,Área Agrícola,2048.0
Netherlands,1995-01-01,Área Agrícola,1963.5
Iceland,1995-01-01,Área Agrícola,1907.154
Belgium,1995-01-01,Área Agrícola,1385.8
Norway,1995-01-01,Área Agrícola,1025.5
Estonia,1995-01-01,Área Agrícola,990.8
Slovenia,1995-01-01,Área Agrícola,538.0
Israel,1995-01-01,Área Agrícola,430.02
Cyprus,1995-01-01,Área Agrícola,136.4
Luxembourg,1995-01-01,Área Agrícola,127.0
China (People's Republic of),1996-01-01,Área Agrícola,523744.25
Australia,1996-01-01,Área Agrícola,465219.561
United States,1996-01-01,Área Agrícola,416306.0
Brazil,1996-01-01,Área Agrícola,228012.4
Russia,1996-01-01,Área Agrícola,217989.0
Kazakhstan,1996-01-01,Área Agrícola,215691.8
India,1996-01-01,Área Agrícola,180981.0
Argentina,1996-01-01,Área Agrícola,128235.0
Mexico,1996-01-01,Área Agrícola,106310.0
South Africa,1996-01-01,Área Agrícola,97945.0
Canada,1996-01-01,Área Agrícola,63182.479
Colombia,1996-01-01,Área Agrícola,44920.0
Indonesia,1996-01-01,Área Agrícola,43527.0
Ukraine,1996-01-01,Área Agrícola,41854.0
Türkiye,1996-01-01,Área Agrícola,39363.0
France,1996-01-01,Área Agrícola,29890.1
Spain,1996-01-01,Área Agrícola,29694.2
Poland,1996-01-01,Área Agrícola,18275.2
Germany,1996-01-01,Área Agrícola,17650.6
United Kingdom,1996-01-01,Área Agrícola,16193.6
Italy,1996-01-01,Área Agrícola,15698.1
Chile,1996-01-01,Área Agrícola,15232.0
Romania,1996-01-01,Área Agrícola,14787.3
New Zealand,1996-01-01,Área Agrícola,12885.6
Philippines,1996-01-01,Área Agrícola,11335.0
Viet Nam,1996-01-01,Área Agrícola,7844.0
Bulgaria,1996-01-01,Área Agrícola,6203.0
Hungary,1996-01-01,Área Agrícola,6184.4
Greece,1996-01-01,Área Agrícola,5109.2
Japan,1996-01-01,Área Agrícola,4993.5
Ireland,1996-01-01,Área Agrícola,4341.4
Czech Republic,1996-01-01,Área Agrícola,4279.0
Portugal,1996-01-01,Área Agrícola,3987.3
Lithuania,1996-01-01,Área Agrícola,3504.0
Sweden,1996-01-01,Área Agrícola,3191.2
Denmark,1996-01-01,Área Agrícola,3007.4
Latvia,1996-01-01,Área Agrícola,2541.2
Slovak Republic,1996-01-01,Área Agrícola,2445.6
Korea,1996-01-01,Área Agrícola,2204.854
Finland,1996-01-01,Área Agrícola,2143.6
Costa Rica,1996-01-01,Área Agrícola,1995.0
Netherlands,1996-01-01,Área Agrícola,1960.4
Iceland,1996-01-01,Área Agrícola,1903.323
Belgium,1996-01-01,Área Agrícola,1390.5
Norway,1996-01-01,Área Agrícola,1031.2
Estonia,1996-01-01,Área Agrícola,1004.9
Slovenia,1996-01-01,Área Agrícola,524.5
Israel,1996-01-01,Área Agrícola,421.8
Cyprus,1996-01-01,Área Agrícola,133.0
Luxembourg,1996-01-01,Área Agrícola,126.4
China (People's Republic of),1997-01-01,Área Agrícola,523738.5
Australia,1997-01-01,Área Agrícola,466152.069
United States,1997-01-01,Área Agrícola,418932.0
Brazil,1997-01-01,Área Agrícola,228116.1
Russia,1997-01-01,Área Agrícola,217287.0
Kazakhstan,1997-01-01,Área Agrícola,215329.8
India,1997-01-01,Área Agrícola,180874.0
Argentina,1997-01-01,Área Agrícola,128330.0
Mexico,1997-01-01,Área Agrícola,106310.0
South Africa,1997-01-01,Área Agrícola,97988.0
Canada,1997-01-01,Área Agrícola,63414.785
Colombia,1997-01-01,Área Agrícola,45082.0
Indonesia,1997-01-01,Área Agrícola,43877.0
Ukraine,1997-01-01,Área Agrícola,41611.0
Türkiye,1997-01-01,Área Agrícola,39241.0
France,1997-01-01,Área Agrícola,29936.1
Spain,1997-01-01,Área Agrícola,29381.8
Poland,1997-01-01,Área Agrícola,18266.2
Germany,1997-01-01,Área Agrícola,17638.4
United Kingdom,1997-01-01,Área Agrícola,16207.2
Italy,1997-01-01,Área Agrícola,15694.4
Chile,1997-01-01,Área Agrícola,15222.0
Romania,1997-01-01,Área Agrícola,14746.4
New Zealand,1997-01-01,Área Agrícola,12810.0
Philippines,1997-01-01,Área Agrícola,11285.0
Viet Nam,1997-01-01,Área Agrícola,8055.0
Hungary,1997-01-01,Área Agrícola,6194.6
Bulgaria,1997-01-01,Área Agrícola,5645.1
Japan,1997-01-01,Área Agrícola,4948.9
Ireland,1997-01-01,Área Agrícola,4431.6
Czech Republic,1997-01-01,Área Agrícola,4280.0
Portugal,1997-01-01,Área Agrícola,3972.9
Lithuania,1997-01-01,Área Agrícola,3502.1
Sweden,1997-01-01,Área Agrícola,3092.2
Denmark,1997-01-01,Área Agrícola,2966.4
Latvia,1997-01-01,Área Agrícola,2521.3
Slovak Republic,1997-01-01,Área Agrícola,2444.5
Korea,1997-01-01,Área Agrícola,2159.764
Finland,1997-01-01,Área Agrícola,2150.1
Netherlands,1997-01-01,Área Agrícola,1973.7
Costa Rica,1997-01-01,Área Agrícola,1953.0
Iceland,1997-01-01,Área Agrícola,1900.059
Belgium,1997-01-01,Área Agrícola,1383.0
Norway,1997-01-01,Área Agrícola,1038.3
Estonia,1997-01-01,Área Agrícola,1023.8
Slovenia,1997-01-01,Área Agrícola,494.1
Israel,1997-01-01,Área Agrícola,421.1
Cyprus,1997-01-01,Área Agrícola,134.0
Luxembourg,1997-01-01,Área Agrícola,132.5
Malta,1997-01-01,Área Agrícola,9.8
China (People's Republic of),1998-01-01,Área Agrícola,523734.75
Australia,1998-01-01,Área Agrícola,463786.276
United States,1998-01-01,Área Agrícola,414588.0
Brazil,1998-01-01,Área Agrícola,228219.8
Russia,1998-01-01,Área Agrícola,216790.0
Kazakhstan,1998-01-01,Área Agrícola,215075.3
India,1998-01-01,Área Agrícola,181021.0
Argentina,1998-01-01,Área Agrícola,128412.0
Mexico,1998-01-01,Área Agrícola,106325.0
South Africa,1998-01-01,Área Agrícola,98058.0
Canada,1998-01-01,Área Agrícola,63323.36
Indonesia,1998-01-01,Área Agrícola,45877.0
Colombia,1998-01-01,Área Agrícola,45543.0
Ukraine,1998-01-01,Área Agrícola,41453.0
Türkiye,1998-01-01,Área Agrícola,39346.0
France,1998-01-01,Área Agrícola,29902.5
Spain,1998-01-01,Área Agrícola,29272.8
Poland,1998-01-01,Área Agrícola,18228.9
Germany,1998-01-01,Área Agrícola,17697.9
United Kingdom,1998-01-01,Área Agrícola,16120.0
Italy,1998-01-01,Área Agrícola,15597.5
Chile,1998-01-01,Área Agrícola,15219.0
Romania,1998-01-01,Área Agrícola,14781.3
New Zealand,1998-01-01,Área Agrícola,12752.4
Philippines,1998-01-01,Área Agrícola,11235.0
Viet Nam,1998-01-01,Área Agrícola,8413.0
Hungary,1998-01-01,Área Agrícola,6192.7
Bulgaria,1998-01-01,Área Agrícola,5678.6
Japan,1998-01-01,Área Agrícola,4905.4
Ireland,1998-01-01,Área Agrícola,4414.8
Czech Republic,1998-01-01,Área Agrícola,4272.3
Portugal,1998-01-01,Área Agrícola,3791.1
Lithuania,1998-01-01,Área Agrícola,3496.7
Greece,1998-01-01,Área Agrícola,3358.8
Sweden,1998-01-01,Área Agrícola,3093.6
Denmark,1998-01-01,Área Agrícola,2975.6
Latvia,1998-01-01,Área Agrícola,2508.3
Slovak Republic,1998-01-01,Área Agrícola,2445.4
Finland,1998-01-01,Área Agrícola,2191.6
Korea,1998-01-01,Área Agrícola,2174.543
Netherlands,1998-01-01,Área Agrícola,1926.8
Costa Rica,1998-01-01,Área Agrícola,1915.0
Iceland,1998-01-01,Área Agrícola,1897.247
Belgium,1998-01-01,Área Agrícola,1390.8
Norway,1998-01-01,Área Agrícola,1046.3
Estonia,1998-01-01,Área Agrícola,746.8
Slovenia,1998-01-01,Área Agrícola,490.9
Israel,1998-01-01,Área Agrícola,422.0
Luxembourg,1998-01-01,Área Agrícola,127.4
Malta,1998-01-01,Área Agrícola,9.8
China (People's Republic of),1999-01-01,Área Agrícola,523731.0
Australia,1999-01-01,Área Agrícola,453729.393
United States,1999-01-01,Área Agrícola,414292.0
Brazil,1999-01-01,Área Agrícola,228323.5
Russia,1999-01-01,Área Agrícola,217162.0
Kazakhstan,1999-01-01,Área Agrícola,215393.3
India,1999-01-01,Área Agrícola,180975.0
Argentina,1999-01-01,Área Agrícola,128510.0
Mexico,1999-01-01,Área Agrícola,106326.0
South Africa,1999-01-01,Área Agrícola,98125.0
Canada,1999-01-01,Área Agrícola,62729.877
Indonesia,1999-01-01,Área Agrícola,47177.0
Colombia,1999-01-01,Área Agrícola,45668.0
Ukraine,1999-01-01,Área Agrícola,41406.0
Türkiye,1999-01-01,Área Agrícola,39179.0
France,1999-01-01,Área Agrícola,29793.2
Spain,1999-01-01,Área Agrícola,25942.2
Poland,1999-01-01,Área Agrícola,18222.3
Germany,1999-01-01,Área Agrícola,17151.6
Italy,1999-01-01,Área Agrícola,15793.7
Chile,1999-01-01,Área Agrícola,15060.0
Romania,1999-01-01,Área Agrícola,14810.74
New Zealand,1999-01-01,Área Agrícola,12706.5
Philippines,1999-01-01,Área Agrícola,11234.0
Viet Nam,1999-01-01,Área Agrícola,8780.0
Hungary,1999-01-01,Área Agrícola,6186.0
Bulgaria,1999-01-01,Área Agrícola,5582.1
Japan,1999-01-01,Área Agrícola,4866.3
Ireland,1999-01-01,Área Agrícola,4418.4
Czech Republic,1999-01-01,Área Agrícola,4282.5
Portugal,1999-01-01,Área Agrícola,3968.9
Greece,1999-01-01,Área Agrícola,3918.9
Lithuania,1999-01-01,Área Agrícola,3495.7
Austria,1999-01-01,Área Agrícola,3384.3
Sweden,1999-01-01,Área Agrícola,3055.4
Denmark,1999-01-01,Área Agrícola,2997.5
Latvia,1999-01-01,Área Agrícola,2470.0
Slovak Republic,1999-01-01,Área Agrícola,2443.6
Finland,1999-01-01,Área Agrícola,2201.4
Korea,1999-01-01,Área Agrícola,2169.796
Netherlands,1999-01-01,Área Agrícola,1982.9
Iceland,1999-01-01,Área Agrícola,1894.797
Costa Rica,1999-01-01,Área Agrícola,1888.0
Belgium,1999-01-01,Área Agrícola,1393.8
Croatia,1999-01-01,Área Agrícola,1168.71
Norway,1999-01-01,Área Agrícola,1038.2
Estonia,1999-01-01,Área Agrícola,1001.1
Israel,1999-01-01,Área Agrícola,420.7
Cyprus,1999-01-01,Área Agrícola,144.4
Luxembourg,1999-01-01,Área Agrícola,127.4
Malta,1999-01-01,Área Agrícola,9.7
China (People's Republic of),2000-01-01,Área Agrícola,524322.844
Australia,2000-01-01,Área Agrícola,455516.1
United States,2000-01-01,Área Agrícola,415208.0
Brazil,2000-01-01,Área Agrícola,228427.2
Russia,2000-01-01,Área Agrícola,216861.0
Kazakhstan,2000-01-01,Área Agrícola,214485.6
India,2000-01-01,Área Agrícola,180487.0
Argentina,2000-01-01,Área Agrícola,128606.0
Mexico,2000-01-01,Área Agrícola,106330.0
South Africa,2000-01-01,Área Agrícola,98013.0
Canada,2000-01-01,Área Agrícola,63374.626
Indonesia,2000-01-01,Área Agrícola,47700.0
Colombia,2000-01-01,Área Agrícola,44859.0
Ukraine,2000-01-01,Área Agrícola,41385.0
Türkiye,2000-01-01,Área Agrícola,38756.0
France,2000-01-01,Área Agrícola,29719.1
Spain,2000-01-01,Área Agrícola,25393.8
Poland,2000-01-01,Área Agrícola,18220.4
United Kingdom,2000-01-01,Área Agrícola,17531.1
Germany,2000-01-01,Área Agrícola,17064.2
Italy,2000-01-01,Área Agrícola,15627.7
Chile,2000-01-01,Área Agrícola,15110.0
Romania,2000-01-01,Área Agrícola,14798.34
New Zealand,2000-01-01,Área Agrícola,12669.6
Philippines,2000-01-01,Área Agrícola,11184.0
Viet Nam,2000-01-01,Área Agrícola,9483.0
Hungary,2000-01-01,Área Agrícola,5854.4
Bulgaria,2000-01-01,Área Agrícola,5498.3
Japan,2000-01-01,Área Agrícola,4830.1
Ireland,2000-01-01,Área Agrícola,4443.2
Czech Republic,2000-01-01,Área Agrícola,4282.45
Portugal,2000-01-01,Área Agrícola,3956.39
Greece,2000-01-01,Área Agrícola,3829.4
Austria,2000-01-01,Área Agrícola,3380.7
Sweden,2000-01-01,Área Agrícola,2974.1
Denmark,2000-01-01,Área Agrícola,2650.1
Lithuania,2000-01-01,Área Agrícola,2466.4
Slovak Republic,2000-01-01,Área Agrícola,2402.2
Finland,2000-01-01,Área Agrícola,2208.6
Korea,2000-01-01,Área Agrícola,2149.911
Netherlands,2000-01-01,Área Agrícola,1968.7
Iceland,2000-01-01,Área Agrícola,1893.638
Costa Rica,2000-01-01,Área Agrícola,1840.0
Latvia,2000-01-01,Área Agrícola,1587.2
Belgium,2000-01-01,Área Agrícola,1395.7
Croatia,2000-01-01,Área Agrícola,1177.2
Norway,2000-01-01,Área Agrícola,1042.2
Estonia,2000-01-01,Área Agrícola,985.8
Slovenia,2000-01-01,Área Agrícola,509.0
Israel,2000-01-01,Área Agrícola,420.4
Cyprus,2000-01-01,Área Agrícola,144.2
Luxembourg,2000-01-01,Área Agrícola,134.6
Malta,2000-01-01,Área Agrícola,9.7
China (People's Republic of),2001-01-01,Área Agrícola,524914.689
Australia,2001-01-01,Área Agrícola,455723.262
United States,2001-01-01,Área Agrícola,413293.0
Brazil,2001-01-01,Área Agrícola,228530.9
Russia,2001-01-01,Área Agrícola,216651.0
Kazakhstan,2001-01-01,Área Agrícola,213468.9
India,2001-01-01,Área Agrícola,180560.0
Argentina,2001-01-01,Área Agrícola,128710.0
Mexico,2001-01-01,Área Agrícola,106550.0
South Africa,2001-01-01,Área Agrícola,98028.0
Canada,2001-01-01,Área Agrícola,53589.626
Indonesia,2001-01-01,Área Agrícola,48181.0
Colombia,2001-01-01,Área Agrícola,41745.0
Ukraine,2001-01-01,Área Agrícola,41396.0
Türkiye,2001-01-01,Área Agrícola,40966.687
France,2001-01-01,Área Agrícola,29660.8
Spain,2001-01-01,Área Agrícola,25205.9
Poland,2001-01-01,Área Agrícola,18246.3
United Kingdom,2001-01-01,Área Agrícola,17755.2
Germany,2001-01-01,Área Agrícola,17038.4
Italy,2001-01-01,Área Agrícola,15472.3
Chile,2001-01-01,Área Agrícola,15150.0
Romania,2001-01-01,Área Agrícola,14818.89
New Zealand,2001-01-01,Área Agrícola,12637.0
Philippines,2001-01-01,Área Agrícola,11135.0
Viet Nam,2001-01-01,Área Agrícola,9455.0
Hungary,2001-01-01,Área Agrícola,5865.3
Bulgaria,2001-01-01,Área Agrícola,5324.7
Japan,2001-01-01,Área Agrícola,4793.7
Ireland,2001-01-01,Área Agrícola,4410.1
Czech Republic,2001-01-01,Área Agrícola,4279.88
Greece,2001-01-01,Área Agrícola,4120.7
Portugal,2001-01-01,Área Agrícola,3853.83
Austria,2001-01-01,Área Agrícola,3374.1
Sweden,2001-01-01,Área Agrícola,3053.9
Denmark,2001-01-01,Área Agrícola,2688.6
Lithuania,2001-01-01,Área Agrícola,2396.4
Slovak Republic,2001-01-01,Área Agrícola,2254.8
Finland,2001-01-01,Área Agrícola,2215.7
Korea,2001-01-01,Área Agrícola,2139.626
Netherlands,2001-01-01,Área Agrícola,1933.0
Iceland,2001-01-01,Área Agrícola,1889.0
Costa Rica,2001-01-01,Área Agrícola,1833.0
Latvia,2001-01-01,Área Agrícola,1581.8
Belgium,2001-01-01,Área Agrícola,1390.2
Croatia,2001-01-01,Área Agrícola,1181.14
Norway,2001-01-01,Área Agrícola,1046.7
Estonia,2001-01-01,Área Agrícola,890.4
Slovenia,2001-01-01,Área Agrícola,509.6
Israel,2001-01-01,Área Agrícola,425.9
Cyprus,2001-01-01,Área Agrícola,136.7
Luxembourg,2001-01-01,Área Agrícola,128.0
Malta,2001-01-01,Área Agrícola,9.7
China (People's Republic of),2002-01-01,Área Agrícola,525505.533
Australia,2002-01-01,Área Agrícola,447007.342
United States,2002-01-01,Área Agrícola,416067.0
Brazil,2002-01-01,Área Agrícola,228634.6
Russia,2002-01-01,Área Agrícola,216277.0
Kazakhstan,2002-01-01,Área Agrícola,213001.4
India,2002-01-01,Área Agrícola,180249.0
Argentina,2002-01-01,Área Agrícola,129103.3
Mexico,2002-01-01,Área Agrícola,106550.0
South Africa,2002-01-01,Área Agrícola,97928.0
Indonesia,2002-01-01,Área Agrícola,51006.0
Canada,2002-01-01,Área Agrícola,49489.79
Colombia,2002-01-01,Área Agrícola,41607.0
Ukraine,2002-01-01,Área Agrícola,41355.0
Türkiye,2002-01-01,Área Agrícola,41195.687
France,2002-01-01,Área Agrícola,29598.9
Spain,2002-01-01,Área Agrícola,25168.7
United Kingdom,2002-01-01,Área Agrícola,17701.1
Germany,2002-01-01,Área Agrícola,16974.2
Poland,2002-01-01,Área Agrícola,16891.2
Chile,2002-01-01,Área Agrícola,15565.0
Italy,2002-01-01,Área Agrícola,15420.8
Romania,2002-01-01,Área Agrícola,14800.66
New Zealand,2002-01-01,Área Agrícola,12610.0
Philippines,2002-01-01,Área Agrícola,11240.0
Viet Nam,2002-01-01,Área Agrícola,9537.0
Hungary,2002-01-01,Área Agrícola,6320.3
Bulgaria,2002-01-01,Área Agrícola,5326.3
Japan,2002-01-01,Área Agrícola,4762.7
Ireland,2002-01-01,Área Agrícola,4372.7
Greece,2002-01-01,Área Agrícola,4062.01
Portugal,2002-01-01,Área Agrícola,3877.71
Czech Republic,2002-01-01,Área Agrícola,3652.03
Austria,2002-01-01,Área Agrícola,3373.6
Sweden,2002-01-01,Área Agrícola,3139.9
Denmark,2002-01-01,Área Agrícola,2675.5
Lithuania,2002-01-01,Área Agrícola,2387.1
Slovak Republic,2002-01-01,Área Agrícola,2236.4
Finland,2002-01-01,Área Agrícola,2236.0
Korea,2002-01-01,Área Agrícola,2067.673
Netherlands,2002-01-01,Área Agrícola,1950.8
Iceland,2002-01-01,Área Agrícola,1887.0
Costa Rica,2002-01-01,Área Agrícola,1826.0
Latvia,2002-01-01,Área Agrícola,1595.5
Belgium,2002-01-01,Área Agrícola,1392.7
Croatia,2002-01-01,Área Agrícola,1195.73
Norway,2002-01-01,Área Agrícola,1046.6
Estonia,2002-01-01,Área Agrícola,698.3
Slovenia,2002-01-01,Área Agrícola,505.5
Israel,2002-01-01,Área Agrícola,433.7
Cyprus,2002-01-01,Área Agrícola,155.7
Luxembourg,2002-01-01,Área Agrícola,128.0
Malta,2002-01-01,Área Agrícola,10.2
China (People's Republic of),2003-01-01,Área Agrícola,526091.378
Australia,2003-01-01,Área Agrícola,439531.447
United States,2003-01-01,Área Agrícola,413152.0
Brazil,2003-01-01,Área Agrícola,228738.3
Russia,2003-01-01,Área Agrícola,215980.0
Kazakhstan,2003-01-01,Área Agrícola,212670.5
India,2003-01-01,Área Agrícola,180375.0
Argentina,2003-01-01,Área Agrícola,129496.6
Mexico,2003-01-01,Área Agrícola,106550.0
South Africa,2003-01-01,Área Agrícola,97608.0
Canada,2003-01-01,Área Agrícola,54092.211
Indonesia,2003-01-01,Área Agrícola,53366.0
Colombia,2003-01-01,Área Agrícola,42051.0
Ukraine,2003-01-01,Área Agrícola,41354.0
Türkiye,2003-01-01,Área Agrícola,40644.687
France,2003-01-01,Área Agrícola,29701.2
Spain,2003-01-01,Área Agrícola,25125.4
United Kingdom,2003-01-01,Área Agrícola,17644.0
Germany,2003-01-01,Área Agrícola,17008.0
Poland,2003-01-01,Área Agrícola,16136.4
Chile,2003-01-01,Área Agrícola,15425.0
Italy,2003-01-01,Área Agrícola,15097.2
Romania,2003-01-01,Área Agrícola,14130.16
New Zealand,2003-01-01,Área Agrícola,12610.0
Philippines,2003-01-01,Área Agrícola,11470.0
Viet Nam,2003-01-01,Área Agrícola,9795.6
Hungary,2003-01-01,Área Agrícola,5864.7
Bulgaria,2003-01-01,Área Agrícola,5330.5
Japan,2003-01-01,Área Agrícola,4736.1
Ireland,2003-01-01,Área Agrícola,4370.23
Greece,2003-01-01,Área Agrícola,4031.89
Portugal,2003-01-01,Área Agrícola,3813.68
Czech Republic,2003-01-01,Área Agrícola,3668.38
Austria,2003-01-01,Área Agrícola,3374.5
Sweden,2003-01-01,Área Agrícola,3128.7
Denmark,2003-01-01,Área Agrícola,2641.7
Lithuania,2003-01-01,Área Agrícola,2531.1
Finland,2003-01-01,Área Agrícola,2245.6
Slovak Republic,2003-01-01,Área Agrícola,2236.0
Korea,2003-01-01,Área Agrícola,1982.664
Netherlands,2003-01-01,Área Agrícola,1924.4
Iceland,2003-01-01,Área Agrícola,1885.0
Costa Rica,2003-01-01,Área Agrícola,1829.0
Latvia,2003-01-01,Área Agrícola,1581.8
Belgium,2003-01-01,Área Agrícola,1392.1
Croatia,2003-01-01,Área Agrícola,1176.16
Norway,2003-01-01,Área Agrícola,1040.4
Estonia,2003-01-01,Área Agrícola,828.7
Slovenia,2003-01-01,Área Agrícola,509.7
Israel,2003-01-01,Área Agrícola,332.3
Cyprus,2003-01-01,Área Agrícola,154.75
Luxembourg,2003-01-01,Área Agrícola,128.2
Malta,2003-01-01,Área Agrícola,10.2
China (People's Republic of),2004-01-01,Área Agrícola,526682.222
Australia,2004-01-01,Área Agrícola,440109.576
United States,2004-01-01,Área Agrícola,414674.0
Brazil,2004-01-01,Área Agrícola,228842.0
Russia,2004-01-01,Área Agrícola,215680.0
Kazakhstan,2004-01-01,Área Agrícola,212286.0
India,2004-01-01,Área Agrícola,180126.0
Argentina,2004-01-01,Área Agrícola,129920.9
Mexico,2004-01-01,Área Agrícola,106570.0
South Africa,2004-01-01,Área Agrícola,97483.0
Canada,2004-01-01,Área Agrícola,52748.988
Indonesia,2004-01-01,Área Agrícola,51846.0
Colombia,2004-01-01,Área Agrícola,42391.0
Ukraine,2004-01-01,Área Agrícola,41304.0
Türkiye,2004-01-01,Área Agrícola,41209.687
France,2004-01-01,Área Agrícola,29632.9
Spain,2004-01-01,Área Agrícola,25971.7
United Kingdom,2004-01-01,Área Agrícola,17606.1
Germany,2004-01-01,Área Agrícola,17020.4
Poland,2004-01-01,Área Agrícola,16300.8
Chile,2004-01-01,Área Agrícola,15935.0
Italy,2004-01-01,Área Agrícola,14964.5
Romania,2004-01-01,Área Agrícola,14180.5
New Zealand,2004-01-01,Área Agrícola,12675.0
Philippines,2004-01-01,Área Agrícola,11355.0
Viet Nam,2004-01-01,Área Agrícola,10054.1
Hungary,2004-01-01,Área Agrícola,5862.4
Japan,2004-01-01,Área Agrícola,4713.5
Ireland,2004-01-01,Área Agrícola,4304.96
Greece,2004-01-01,Área Agrícola,4021.61
Portugal,2004-01-01,Área Agrícola,3869.61
Czech Republic,2004-01-01,Área Agrícola,3631.42
Austria,2004-01-01,Área Agrícola,3368.4
Sweden,2004-01-01,Área Agrícola,3153.2
Denmark,2004-01-01,Área Agrícola,2664.0
Lithuania,2004-01-01,Área Agrícola,2604.3
Finland,2004-01-01,Área Agrícola,2253.4
Korea,2004-01-01,Área Agrícola,1986.227
Slovak Republic,2004-01-01,Área Agrícola,1934.7
Netherlands,2004-01-01,Área Agrícola,1925.7
Iceland,2004-01-01,Área Agrícola,1884.0
Costa Rica,2004-01-01,Área Agrícola,1822.0
Latvia,2004-01-01,Área Agrícola,1642.1
Belgium,2004-01-01,Área Agrícola,1393.8
Croatia,2004-01-01,Área Agrícola,1210.79
Norway,2004-01-01,Área Agrícola,1039.7
Estonia,2004-01-01,Área Agrícola,792.4
Slovenia,2004-01-01,Área Agrícola,490.5
Cyprus,2004-01-01,Área Agrícola,166.2
Luxembourg,2004-01-01,Área Agrícola,128.1
Malta,2004-01-01,Área Agrícola,10.25
China (People's Republic of),2005-01-01,Área Agrícola,527272.067
Australia,2005-01-01,Área Agrícola,445148.801
United States,2005-01-01,Área Agrícola,412878.0
Brazil,2005-01-01,Área Agrícola,228951.0
Russia,2005-01-01,Área Agrícola,215488.0
Kazakhstan,2005-01-01,Área Agrícola,211876.5
India,2005-01-01,Área Agrícola,179906.0
Argentina,2005-01-01,Área Agrícola,130138.9
Mexico,2005-01-01,Área Agrícola,106570.0
South Africa,2005-01-01,Área Agrícola,96888.0
Canada,2005-01-01,Área Agrícola,53328.05
Indonesia,2005-01-01,Área Agrícola,51500.0
Colombia,2005-01-01,Área Agrícola,42557.0
Ukraine,2005-01-01,Área Agrícola,41284.0
Türkiye,2005-01-01,Área Agrícola,41222.687
France,2005-01-01,Área Agrícola,29588.2
Spain,2005-01-01,Área Agrícola,25859.0
United Kingdom,2005-01-01,Área Agrícola,17613.8
Germany,2005-01-01,Área Agrícola,17035.2
Poland,2005-01-01,Área Agrícola,15906.0
Chile,2005-01-01,Área Agrícola,15885.0
Italy,2005-01-01,Área Agrícola,14709.9
Romania,2005-01-01,Área Agrícola,14038.72
New Zealand,2005-01-01,Área Agrícola,11712.0
Philippines,2005-01-01,Área Agrícola,11580.0
Viet Nam,2005-01-01,Área Agrícola,10078.0
Hungary,2005-01-01,Área Agrícola,5862.6
Bulgaria,2005-01-01,Área Agrícola,5190.1
Japan,2005-01-01,Área Agrícola,4691.9
Ireland,2005-01-01,Área Agrícola,4302.01
Greece,2005-01-01,Área Agrícola,4069.06
Portugal,2005-01-01,Área Agrícola,3823.53
Czech Republic,2005-01-01,Área Agrícola,3605.49
Austria,2005-01-01,Área Agrícola,3262.9
Sweden,2005-01-01,Área Agrícola,3201.2
Lithuania,2005-01-01,Área Agrícola,2837.0
Denmark,2005-01-01,Área Agrícola,2712.3
Finland,2005-01-01,Área Agrícola,2274.3
Korea,2005-01-01,Área Agrícola,1965.0
Slovak Republic,2005-01-01,Área Agrícola,1941.4
Netherlands,2005-01-01,Área Agrícola,1924.0
Iceland,2005-01-01,Área Agrícola,1882.0
Costa Rica,2005-01-01,Área Agrícola,1805.0
Latvia,2005-01-01,Área Agrícola,1733.6
Switzerland,2005-01-01,Área Agrícola,1552.03
Belgium,2005-01-01,Área Agrícola,1385.8
Croatia,2005-01-01,Área Agrícola,1230.18
Norway,2005-01-01,Área Agrícola,1035.4
Estonia,2005-01-01,Área Agrícola,882.3
Slovenia,2005-01-01,Área Agrícola,510.7
Israel,2005-01-01,Área Agrícola,295.7
Cyprus,2005-01-01,Área Agrícola,156.2
Luxembourg,2005-01-01,Área Agrícola,129.1
Malta,2005-01-01,Área Agrícola,10.25
China (People's Republic of),2006-01-01,Área Agrícola,527861.911
Australia,2006-01-01,Área Agrícola,434924.815
United States,2006-01-01,Área Agrícola,411030.0
Brazil,2006-01-01,Área Agrícola,229671.8
Russia,2006-01-01,Área Agrícola,215463.0
Kazakhstan,2006-01-01,Área Agrícola,211435.6
India,2006-01-01,Área Agrícola,179620.0
Argentina,2006-01-01,Área Agrícola,129968.4
Mexico,2006-01-01,Área Agrícola,106570.0
South Africa,2006-01-01,Área Agrícola,96890.0
Canada,2006-01-01,Área Agrícola,53140.87
Indonesia,2006-01-01,Área Agrícola,53000.0
Colombia,2006-01-01,Área Agrícola,42174.0
Ukraine,2006-01-01,Área Agrícola,41266.0
Türkiye,2006-01-01,Área Agrícola,40492.687
France,2006-01-01,Área Agrícola,32346.0
Spain,2006-01-01,Área Agrícola,24743.7
United Kingdom,2006-01-01,Área Agrícola,17896.8
Germany,2006-01-01,Área Agrícola,16951.0
Poland,2006-01-01,Área Agrícola,15957.3
Chile,2006-01-01,Área Agrícola,15800.0
Romania,2006-01-01,Área Agrícola,13629.81
Italy,2006-01-01,Área Agrícola,13274.3
Philippines,2006-01-01,Área Agrícola,11790.0
New Zealand,2006-01-01,Área Agrícola,11375.0
Viet Nam,2006-01-01,Área Agrícola,10062.6
Hungary,2006-01-01,Área Agrícola,5808.9
Bulgaria,2006-01-01,Área Agrícola,5116.2
Japan,2006-01-01,Área Agrícola,4671.7
Ireland,2006-01-01,Área Agrícola,4260.53
Greece,2006-01-01,Área Agrícola,3843.27
Portugal,2006-01-01,Área Agrícola,3757.65
Czech Republic,2006-01-01,Área Agrícola,3565.98
Austria,2006-01-01,Área Agrícola,3239.9
Sweden,2006-01-01,Área Agrícola,3150.1
Lithuania,2006-01-01,Área Agrícola,2790.7
Denmark,2006-01-01,Área Agrícola,2712.3
Finland,2006-01-01,Área Agrícola,2300.5
Slovak Republic,2006-01-01,Área Agrícola,1939.3
Korea,2006-01-01,Área Agrícola,1901.992
Netherlands,2006-01-01,Área Agrícola,1899.3
Iceland,2006-01-01,Área Agrícola,1881.0
Latvia,2006-01-01,Área Agrícola,1855.3
Costa Rica,2006-01-01,Área Agrícola,1815.0
Switzerland,2006-01-01,Área Agrícola,1549.06
Belgium,2006-01-01,Área Agrícola,1382.4
Croatia,2006-01-01,Área Agrícola,1201.76
Norway,2006-01-01,Área Agrícola,1034.5
Estonia,2006-01-01,Área Agrícola,898.5
Slovenia,2006-01-01,Área Agrícola,490.6
Israel,2006-01-01,Área Agrícola,285.1
Cyprus,2006-01-01,Área Agrícola,149.5
Luxembourg,2006-01-01,Área Agrícola,129.0
Malta,2006-01-01,Área Agrícola,10.33
China (People's Republic of),2007-01-01,Área Agrícola,528451.756
Australia,2007-01-01,Área Agrícola,425449.339
United States,2007-01-01,Área Agrícola,413537.0
Brazil,2007-01-01,Área Agrícola,230392.6
Russia,2007-01-01,Área Agrícola,215494.0
Kazakhstan,2007-01-01,Área Agrícola,210851.4
India,2007-01-01,Área Agrícola,179757.0
Argentina,2007-01-01,Área Agrícola,127046.9
Mexico,2007-01-01,Área Agrícola,106700.0
South Africa,2007-01-01,Área Agrícola,97108.0
Canada,2007-01-01,Área Agrícola,54577.783
Indonesia,2007-01-01,Área Agrícola,54000.0
Colombia,2007-01-01,Área Agrícola,42436.0
Ukraine,2007-01-01,Área Agrícola,41292.0
Türkiye,2007-01-01,Área Agrícola,39504.687
France,2007-01-01,Área Agrícola,29413.9
Spain,2007-01-01,Área Agrícola,25003.0
United Kingdom,2007-01-01,Área Agrícola,17737.1
Germany,2007-01-01,Área Agrícola,16954.3
Chile,2007-01-01,Área Agrícola,15732.0
Poland,2007-01-01,Área Agrícola,15477.2
Italy,2007-01-01,Área Agrícola,14490.3
Romania,2007-01-01,Área Agrícola,13633.81
Philippines,2007-01-01,Área Agrícola,12010.0
New Zealand,2007-01-01,Área Agrícola,11604.0
Viet Nam,2007-01-01,Área Agrícola,10240.8
Hungary,2007-01-01,Área Agrícola,5807.1
Bulgaria,2007-01-01,Área Agrícola,5100.8
Japan,2007-01-01,Área Agrícola,4649.9
Ireland,2007-01-01,Área Agrícola,4275.89
Greece,2007-01-01,Área Agrícola,3968.66
Portugal,2007-01-01,Área Agrícola,3660.98
Czech Republic,2007-01-01,Área Agrícola,3596.72
Austria,2007-01-01,Área Agrícola,3238.6
Sweden,2007-01-01,Área Agrícola,3120.9
Lithuania,2007-01-01,Área Agrícola,2695.9
Denmark,2007-01-01,Área Agrícola,2694.5
Finland,2007-01-01,Área Agrícola,2255.3
Slovak Republic,2007-01-01,Área Agrícola,1930.6
Korea,2007-01-01,Área Agrícola,1896.946
Netherlands,2007-01-01,Área Agrícola,1886.4
Iceland,2007-01-01,Área Agrícola,1880.0
Latvia,2007-01-01,Área Agrícola,1839.2
Costa Rica,2007-01-01,Área Agrícola,1800.0
Switzerland,2007-01-01,Área Agrícola,1545.96
Belgium,2007-01-01,Área Agrícola,1370.3
Croatia,2007-01-01,Área Agrícola,1289.09
Norway,2007-01-01,Área Agrícola,1032.0
Estonia,2007-01-01,Área Agrícola,914.7
Slovenia,2007-01-01,Área Agrícola,498.47
Israel,2007-01-01,Área Agrícola,293.2
Luxembourg,2007-01-01,Área Agrícola,130.9
Cyprus,2007-01-01,Área Agrícola,126.51
Malta,2007-01-01,Área Agrícola,10.33
China (People's Republic of),2008-01-01,Área Agrícola,529038.6
Australia,2008-01-01,Área Agrícola,417287.559
United States,2008-01-01,Área Agrícola,415311.0
Brazil,2008-01-01,Área Agrícola,231113.4
Russia,2008-01-01,Área Agrícola,215494.0
Kazakhstan,2008-01-01,Área Agrícola,210783.3
India,2008-01-01,Área Agrícola,180068.0
Argentina,2008-01-01,Área Agrícola,124328.4
Mexico,2008-01-01,Área Agrícola,103355.0
South Africa,2008-01-01,Área Agrícola,96988.0
Indonesia,2008-01-01,Área Agrícola,55600.0
Canada,2008-01-01,Área Agrícola,55349.208
Colombia,2008-01-01,Área Agrícola,42614.0
Ukraine,2008-01-01,Área Agrícola,41276.0
Türkiye,2008-01-01,Área Agrícola,39121.687
France,2008-01-01,Área Agrícola,29385.0
Spain,2008-01-01,Área Agrícola,24718.1
United Kingdom,2008-01-01,Área Agrícola,17703.4
Germany,2008-01-01,Área Agrícola,16925.7
Chile,2008-01-01,Área Agrícola,15784.0
Poland,2008-01-01,Área Agrícola,15607.7
Romania,2008-01-01,Área Agrícola,13620.86
Italy,2008-01-01,Área Agrícola,13337.7
Philippines,2008-01-01,Área Agrícola,12100.0
New Zealand,2008-01-01,Área Agrícola,11374.0
Viet Nam,2008-01-01,Área Agrícola,10292.0
Hungary,2008-01-01,Área Agrícola,5789.7
Bulgaria,2008-01-01,Área Agrícola,5029.6
Greece,2008-01-01,Área Agrícola,4758.34
Ireland,2008-01-01,Área Agrícola,4629.0
Japan,2008-01-01,Área Agrícola,4628.0
Portugal,2008-01-01,Área Agrícola,3725.7
Czech Republic,2008-01-01,Área Agrícola,3571.59
Austria,2008-01-01,Área Agrícola,3171.0
Sweden,2008-01-01,Área Agrícola,3075.8
Denmark,2008-01-01,Área Agrícola,2682.9
Lithuania,2008-01-01,Área Agrícola,2672.1
Finland,2008-01-01,Área Agrícola,2296.0
Slovak Republic,2008-01-01,Área Agrícola,1936.0
Netherlands,2008-01-01,Área Agrícola,1933.2
Iceland,2008-01-01,Área Agrícola,1880.0
Korea,2008-01-01,Área Agrícola,1875.243
Latvia,2008-01-01,Área Agrícola,1825.1
Costa Rica,2008-01-01,Área Agrícola,1793.0
Switzerland,2008-01-01,Área Agrícola,1542.93
Belgium,2008-01-01,Área Agrícola,1373.8
Croatia,2008-01-01,Área Agrícola,1299.58
Norway,2008-01-01,Área Agrícola,1024.1
Estonia,2008-01-01,Área Agrícola,906.5
Slovenia,2008-01-01,Área Agrícola,492.42
Israel,2008-01-01,Área Agrícola,289.2
Luxembourg,2008-01-01,Área Agrícola,130.5
Cyprus,2008-01-01,Área Agrícola,124.52
Malta,2008-01-01,Área Agrícola,10.33
China (People's Republic of),2009-01-01,Área Agrícola,528916.8
United States,2009-01-01,Área Agrícola,412415.0
Australia,2009-01-01,Área Agrícola,409028.751
Brazil,2009-01-01,Área Agrícola,231834.2
Kazakhstan,2009-01-01,Área Agrícola,217161.8
Russia,2009-01-01,Área Agrícola,215494.0
India,2009-01-01,Área Agrícola,179573.0
Argentina,2009-01-01,Área Agrícola,126267.9
Mexico,2009-01-01,Área Agrícola,102682.0
South Africa,2009-01-01,Área Agrícola,96891.0
Indonesia,2009-01-01,Área Agrícola,55600.0
Canada,2009-01-01,Área Agrícola,54823.571
Colombia,2009-01-01,Área Agrícola,42540.0
Ukraine,2009-01-01,Área Agrícola,41267.0
Türkiye,2009-01-01,Área Agrícola,38910.687
France,2009-01-01,Área Agrícola,35178.0
Spain,2009-01-01,Área Agrícola,24190.4
United Kingdom,2009-01-01,Área Agrícola,17325.0
Germany,2009-01-01,Área Agrícola,16889.6
Chile,2009-01-01,Área Agrícola,15782.0
Poland,2009-01-01,Área Agrícola,15624.6
Romania,2009-01-01,Área Agrícola,14156.48
Philippines,2009-01-01,Área Agrícola,12100.0
New Zealand,2009-01-01,Área Agrícola,11490.0
Viet Nam,2009-01-01,Área Agrícola,10760.1
Hungary,2009-01-01,Área Agrícola,5783.3
Greece,2009-01-01,Área Agrícola,5507.39
Bulgaria,2009-01-01,Área Agrícola,5051.86
Japan,2009-01-01,Área Agrícola,4608.5
Ireland,2009-01-01,Área Agrícola,4593.92
Portugal,2009-01-01,Área Agrícola,3695.16
Czech Republic,2009-01-01,Área Agrícola,3545.84
Austria,2009-01-01,Área Agrícola,3168.6
Sweden,2009-01-01,Área Agrícola,3067.2
Lithuania,2009-01-01,Área Agrícola,2689.0
Denmark,2009-01-01,Área Agrícola,2639.0
Finland,2009-01-01,Área Agrícola,2295.9
Slovak Republic,2009-01-01,Área Agrícola,1930.3
Netherlands,2009-01-01,Área Agrícola,1921.4
Korea,2009-01-01,Área Agrícola,1913.453
Iceland,2009-01-01,Área Agrícola,1880.0
Latvia,2009-01-01,Área Agrícola,1833.0
Costa Rica,2009-01-01,Área Agrícola,1816.0
Switzerland,2009-01-01,Área Agrícola,1539.99
Belgium,2009-01-01,Área Agrícola,1365.2
Croatia,2009-01-01,Área Agrícola,1333.84
Estonia,2009-01-01,Área Agrícola,931.8
Slovenia,2009-01-01,Área Agrícola,468.5
Israel,2009-01-01,Área Agrícola,294.8
Luxembourg,2009-01-01,Área Agrícola,130.8
Cyprus,2009-01-01,Área Agrícola,114.79
Malta,2009-01-01,Área Agrícola,11.45
China (People's Republic of),2010-01-01,Área Agrícola,528885.1
United States,2010-01-01,Área Agrícola,408426.2
Australia,2010-01-01,Área Agrícola,397451.002
Brazil,2010-01-01,Área Agrícola,232555.0
Kazakhstan,2010-01-01,Área Agrícola,216988.5
Russia,2010-01-01,Área Agrícola,215494.0
India,2010-01-01,Área Agrícola,179670.0
Argentina,2010-01-01,Área Agrícola,125318.4
Mexico,2010-01-01,Área Agrícola,101807.0
South Africa,2010-01-01,Área Agrícola,96374.0
Indonesia,2010-01-01,Área Agrícola,56500.0
Canada,2010-01-01,Área Agrícola,55918.146
Colombia,2010-01-01,Área Agrícola,42503.0
Ukraine,2010-01-01,Área Agrícola,41281.0
Türkiye,2010-01-01,Área Agrícola,39011.687
France,2010-01-01,Área Agrícola,29311.03
Spain,2010-01-01,Área Agrícola,23719.23
United Kingdom,2010-01-01,Área Agrícola,17231.0
Germany,2010-01-01,Área Agrícola,16704.04
Chile,2010-01-01,Área Agrícola,15743.0
Poland,2010-01-01,Área Agrícola,14603.2
Romania,2010-01-01,Área Agrícola,13981.62
Italy,2010-01-01,Área Agrícola,12885.19
Philippines,2010-01-01,Área Agrícola,12260.0
New Zealand,2010-01-01,Área Agrícola,11408.0
Viet Nam,2010-01-01,Área Agrícola,10768.6
Greece,2010-01-01,Área Agrícola,5425.62
Hungary,2010-01-01,Área Agrícola,5342.7
Bulgaria,2010-01-01,Área Agrícola,5087.95
Japan,2010-01-01,Área Agrícola,4592.3
Ireland,2010-01-01,Área Agrícola,4568.93
Portugal,2010-01-01,Área Agrícola,3653.93
Czech Republic,2010-01-01,Área Agrícola,3523.86
Austria,2010-01-01,Área Agrícola,3165.8
Sweden,2010-01-01,Área Agrícola,3073.7
Lithuania,2010-01-01,Área Agrícola,2772.3
Denmark,2010-01-01,Área Agrícola,2676.2
Finland,2010-01-01,Área Agrícola,2291.5
Slovak Republic,2010-01-01,Área Agrícola,1921.61
Netherlands,2010-01-01,Área Agrícola,1872.36
Korea,2010-01-01,Área Agrícola,1864.049
Costa Rica,2010-01-01,Área Agrícola,1819.0
Latvia,2010-01-01,Área Agrícola,1805.5
Iceland,2010-01-01,Área Agrícola,1591.031
Switzerland,2010-01-01,Área Agrícola,1537.14
Belgium,2010-01-01,Área Agrícola,1358.02
Croatia,2010-01-01,Área Agrícola,1326.08
Norway,2010-01-01,Área Agrícola,1006.0
Estonia,2010-01-01,Área Agrícola,948.8
Slovenia,2010-01-01,Área Agrícola,482.65
Israel,2010-01-01,Área Agrícola,283.2
Luxembourg,2010-01-01,Área Agrícola,131.22
Cyprus,2010-01-01,Área Agrícola,115.89
Malta,2010-01-01,Área Agrícola,11.45
China (People's Republic of),2011-01-01,Área Agrícola,528799.5
United States,2011-01-01,Área Agrícola,406927.7
Australia,2011-01-01,Área Agrícola,391686.179
Brazil,2011-01-01,Área Agrícola,233275.8
Kazakhstan,2011-01-01,Área Agrícola,217012.1
Russia,2011-01-01,Área Agrícola,215494.0
India,2011-01-01,Área Agrícola,179642.0
Argentina,2011-01-01,Área Agrícola,124741.9
Mexico,2011-01-01,Área Agrícola,101322.0
South Africa,2011-01-01,Área Agrícola,96341.0
Canada,2011-01-01,Área Agrícola,57184.62
Indonesia,2011-01-01,Área Agrícola,56500.0
Colombia,2011-01-01,Área Agrícola,41721.0
Ukraine,2011-01-01,Área Agrícola,41297.0
Türkiye,2011-01-01,Área Agrícola,38230.687
France,2011-01-01,Área Agrícola,28852.55
Spain,2011-01-01,Área Agrícola,23894.37
United Kingdom,2011-01-01,Área Agrícola,17172.0
Germany,2011-01-01,Área Agrícola,16721.3
Chile,2011-01-01,Área Agrícola,15789.0
Poland,2011-01-01,Área Agrícola,14780.2
Romania,2011-01-01,Área Agrícola,13733.14
Italy,2011-01-01,Área Agrícola,12670.2
Philippines,2011-01-01,Área Agrícola,12430.0
New Zealand,2011-01-01,Área Agrícola,11371.0
Viet Nam,2011-01-01,Área Agrícola,10793.3
Greece,2011-01-01,Área Agrícola,5532.34
Hungary,2011-01-01,Área Agrícola,5337.23
Bulgaria,2011-01-01,Área Agrícola,5122.98
Japan,2011-01-01,Área Agrícola,4560.9
Ireland,2011-01-01,Área Agrícola,4555.5
Portugal,2011-01-01,Área Agrícola,3649.56
Czech Republic,2011-01-01,Área Agrícola,3504.03
Sweden,2011-01-01,Área Agrícola,3063.1
Austria,2011-01-01,Área Agrícola,2868.15
Lithuania,2011-01-01,Área Agrícola,2805.9
Denmark,2011-01-01,Área Agrícola,2672.6
Finland,2011-01-01,Área Agrícola,2286.7
Slovak Republic,2011-01-01,Área Agrícola,1929.7
Netherlands,2011-01-01,Área Agrícola,1858.39
Korea,2011-01-01,Área Agrícola,1841.441
Costa Rica,2011-01-01,Área Agrícola,1819.0
Latvia,2011-01-01,Área Agrícola,1815.9
Iceland,2011-01-01,Área Agrícola,1591.031
Switzerland,2011-01-01,Área Agrícola,1534.32
Belgium,2011-01-01,Área Agrícola,1337.25
Croatia,2011-01-01,Área Agrícola,1330.97
Norway,2011-01-01,Área Agrícola,998.9
Estonia,2011-01-01,Área Agrícola,946.0
Slovenia,2011-01-01,Área Agrícola,458.2
Israel,2011-01-01,Área Agrícola,289.2
Luxembourg,2011-01-01,Área Agrícola,131.27
Cyprus,2011-01-01,Área Agrícola,115.94
Malta,2011-01-01,Área Agrícola,11.45
China (People's Republic of),2012-01-01,Área Agrícola,528801.5
United States,2012-01-01,Área Agrícola,423893.239
Australia,2012-01-01,Área Agrícola,405473.623
Brazil,2012-01-01,Área Agrícola,233996.6
Kazakhstan,2012-01-01,Área Agrícola,216994.1
Russia,2012-01-01,Área Agrícola,215494.0
India,2012-01-01,Área Agrícola,179698.0
Argentina,2012-01-01,Área Agrícola,122937.4
Mexico,2012-01-01,Área Agrícola,100512.0
South Africa,2012-01-01,Área Agrícola,96341.0
Canada,2012-01-01,Área Agrícola,57325.642
Indonesia,2012-01-01,Área Agrícola,57000.0
Colombia,2012-01-01,Área Agrícola,42617.6
Ukraine,2012-01-01,Área Agrícola,42114.0
Türkiye,2012-01-01,Área Agrícola,38398.687
France,2012-01-01,Área Agrícola,29000.83
Spain,2012-01-01,Área Agrícola,23463.12
United Kingdom,2012-01-01,Área Agrícola,17282.0
Germany,2012-01-01,Área Agrícola,16667.3
Chile,2012-01-01,Área Agrícola,15755.0
Poland,2012-01-01,Área Agrícola,14529.4
Romania,2012-01-01,Área Agrícola,13904.64
Italy,2012-01-01,Área Agrícola,12548.1
Philippines,2012-01-01,Área Agrícola,12469.0
New Zealand,2012-01-01,Área Agrícola,11209.0
Viet Nam,2012-01-01,Área Agrícola,10852.8
Hungary,2012-01-01,Área Agrícola,5338.02
Greece,2012-01-01,Área Agrícola,5134.71
Bulgaria,2012-01-01,Área Agrícola,4995.11
Japan,2012-01-01,Área Agrícola,4549.5
Ireland,2012-01-01,Área Agrícola,4532.29
Portugal,2012-01-01,Área Agrícola,3664.7
Czech Republic,2012-01-01,Área Agrícola,3525.89
Sweden,2012-01-01,Área Agrícola,3031.5
Austria,2012-01-01,Área Agrícola,2863.58
Lithuania,2012-01-01,Área Agrícola,2842.2
Denmark,2012-01-01,Área Agrícola,2663.6
Finland,2012-01-01,Área Agrícola,2285.2
Slovak Republic,2012-01-01,Área Agrícola,1927.45
Netherlands,2012-01-01,Área Agrícola,1841.6
Latvia,2012-01-01,Área Agrícola,1840.9
Costa Rica,2012-01-01,Área Agrícola,1812.0
Korea,2012-01-01,Área Agrícola,1804.082
Iceland,2012-01-01,Área Agrícola,1591.031
Switzerland,2012-01-01,Área Agrícola,1531.43
Belgium,2012-01-01,Área Agrícola,1333.91
Croatia,2012-01-01,Área Agrícola,1300.81
Norway,2012-01-01,Área Agrícola,992.9
Estonia,2012-01-01,Área Agrícola,955.9
Slovenia,2012-01-01,Área Agrícola,479.65
Israel,2012-01-01,Área Agrícola,298.27
Luxembourg,2012-01-01,Área Agrícola,131.42
Cyprus,2012-01-01,Área Agrícola,107.13
Malta,2012-01-01,Área Agrícola,11.69
China (People's Republic of),2013-01-01,Área Agrícola,528695.0
United States,2013-01-01,Área Agrícola,422480.963
Australia,2013-01-01,Área Agrícola,396615.288
Brazil,2013-01-01,Área Agrícola,234717.4
Kazakhstan,2013-01-01,Área Agrícola,216799.4
Russia,2013-01-01,Área Agrícola,215494.0
India,2013-01-01,Área Agrícola,179728.0
Argentina,2013-01-01,Área Agrícola,120012.9
Mexico,2013-01-01,Área Agrícola,99486.0
South Africa,2013-01-01,Área Agrícola,96341.0
Canada,2013-01-01,Área Agrícola,57329.863
Indonesia,2013-01-01,Área Agrícola,57000.0
Colombia,2013-01-01,Área Agrícola,44815.6
Ukraine,2013-01-01,Área Agrícola,42099.0
Türkiye,2013-01-01,Área Agrícola,38421.687
France,2013-01-01,Área Agrícola,29146.02
Spain,2013-01-01,Área Agrícola,23494.57
United Kingdom,2013-01-01,Área Agrícola,17259.0
Germany,2013-01-01,Área Agrícola,16699.6
Chile,2013-01-01,Área Agrícola,15781.0
Poland,2013-01-01,Área Agrícola,14409.9
Romania,2013-01-01,Área Agrícola,13830.42
Philippines,2013-01-01,Área Agrícola,12498.0
Italy,2013-01-01,Área Agrícola,12426.0
New Zealand,2013-01-01,Área Agrícola,11106.0
Viet Nam,2013-01-01,Área Agrícola,10873.7
Hungary,2013-01-01,Área Agrícola,5339.98
Greece,2013-01-01,Área Agrícola,5213.04
Bulgaria,2013-01-01,Área Agrícola,4976.82
Japan,2013-01-01,Área Agrícola,4536.6
Ireland,2013-01-01,Área Agrícola,4477.64
Portugal,2013-01-01,Área Agrícola,3718.16
Czech Republic,2013-01-01,Área Agrícola,3521.0
Sweden,2013-01-01,Área Agrícola,3036.08
Lithuania,2013-01-01,Área Agrícola,2891.4
Austria,2013-01-01,Área Agrícola,2862.44
Denmark,2013-01-01,Área Agrícola,2627.8
Finland,2013-01-01,Área Agrícola,2258.6
Slovak Republic,2013-01-01,Área Agrícola,1928.51
Latvia,2013-01-01,Área Agrícola,1877.7
Netherlands,2013-01-01,Área Agrícola,1847.6
Costa Rica,2013-01-01,Área Agrícola,1801.0
Korea,2013-01-01,Área Agrícola,1786.419
Iceland,2013-01-01,Área Agrícola,1591.031
Switzerland,2013-01-01,Área Agrícola,1528.71
Belgium,2013-01-01,Área Agrícola,1338.57
Croatia,2013-01-01,Área Agrícola,1240.87
Norway,2013-01-01,Área Agrícola,987.1
Estonia,2013-01-01,Área Agrícola,965.9
Slovenia,2013-01-01,Área Agrícola,478.89
Israel,2013-01-01,Área Agrícola,292.3
Luxembourg,2013-01-01,Área Agrícola,131.04
Cyprus,2013-01-01,Área Agrícola,107.03
Malta,2013-01-01,Área Agrícola,11.69
China (People's Republic of),2014-01-01,Área Agrícola,528633.4
United States,2014-01-01,Área Agrícola,424330.151
Australia,2014-01-01,Área Agrícola,406269.028
Brazil,2014-01-01,Área Agrícola,235438.2
Kazakhstan,2014-01-01,Área Agrícola,216259.7
Russia,2014-01-01,Área Agrícola,215494.0
India,2014-01-01,Área Agrícola,179675.0
Argentina,2014-01-01,Área Agrícola,117088.4
Mexico,2014-01-01,Área Agrícola,98748.0
South Africa,2014-01-01,Área Agrícola,96341.0
Indonesia,2014-01-01,Área Agrícola,57300.0
Canada,2014-01-01,Área Agrícola,56845.058
Colombia,2014-01-01,Área Agrícola,44784.7
Ukraine,2014-01-01,Área Agrícola,42095.0
Türkiye,2014-01-01,Área Agrícola,38559.687
France,2014-01-01,Área Agrícola,29070.82
Spain,2014-01-01,Área Agrícola,23571.78
United Kingdom,2014-01-01,Área Agrícola,17240.0
Germany,2014-01-01,Área Agrícola,16724.8
Chile,2014-01-01,Área Agrícola,15761.2
Poland,2014-01-01,Área Agrícola,14424.2
Romania,2014-01-01,Área Agrícola,13858.42
Italy,2014-01-01,Área Agrícola,12720.15
Philippines,2014-01-01,Área Agrícola,12527.0
Viet Nam,2014-01-01,Área Agrícola,12147.8
New Zealand,2014-01-01,Área Agrícola,11122.0
Greece,2014-01-01,Área Agrícola,5406.72
Hungary,2014-01-01,Área Agrícola,5346.3
Bulgaria,2014-01-01,Área Agrícola,5011.49
Japan,2014-01-01,Área Agrícola,4518.4
Ireland,2014-01-01,Área Agrícola,4465.38
Portugal,2014-01-01,Área Agrícola,3699.69
Czech Republic,2014-01-01,Área Agrícola,3515.56
Sweden,2014-01-01,Área Agrícola,3036.07
Lithuania,2014-01-01,Área Agrícola,2952.3
Austria,2014-01-01,Área Agrícola,2716.16
Denmark,2014-01-01,Área Agrícola,2652.0
Finland,2014-01-01,Área Agrícola,2267.2
Slovak Republic,2014-01-01,Área Agrícola,1924.73
Latvia,2014-01-01,Área Agrícola,1872.5
Netherlands,2014-01-01,Área Agrícola,1839.0
Korea,2014-01-01,Área Agrícola,1789.878
Costa Rica,2014-01-01,Área Agrícola,1778.0
Iceland,2014-01-01,Área Agrícola,1591.031
Croatia,2014-01-01,Área Agrícola,1537.63
Switzerland,2014-01-01,Área Agrícola,1526.02
Belgium,2014-01-01,Área Agrícola,1333.4
Norway,2014-01-01,Área Agrícola,986.8
Estonia,2014-01-01,Área Agrícola,974.8
Slovenia,2014-01-01,Área Agrícola,482.21
Israel,2014-01-01,Área Agrícola,309.796
Luxembourg,2014-01-01,Área Agrícola,131.08
Cyprus,2014-01-01,Área Agrícola,126.47
Malta,2014-01-01,Área Agrícola,11.69
China (People's Republic of),2015-01-01,Área Agrícola,528552.9
United States,2015-01-01,Área Agrícola,422568.321
Australia,2015-01-01,Área Agrícola,384557.865
Brazil,2015-01-01,Área Agrícola,236159.0
Kazakhstan,2015-01-01,Área Agrícola,216242.1
Russia,2015-01-01,Área Agrícola,215494.0
India,2015-01-01,Área Agrícola,179578.0
Argentina,2015-01-01,Área Agrícola,114163.9
Mexico,2015-01-01,Área Agrícola,98680.0
South Africa,2015-01-01,Área Agrícola,96341.0
Indonesia,2015-01-01,Área Agrícola,60200.0
Canada,2015-01-01,Área Agrícola,55945.643
Colombia,2015-01-01,Área Agrícola,44753.9
Ukraine,2015-01-01,Área Agrícola,42102.0
Türkiye,2015-01-01,Área Agrícola,38550.687
France,2015-01-01,Área Agrícola,29058.27
Spain,2015-01-01,Área Agrícola,23897.14
United Kingdom,2015-01-01,Área Agrícola,17144.0
Germany,2015-01-01,Área Agrícola,16730.7
Chile,2015-01-01,Área Agrícola,15785.0
Poland,2015-01-01,Área Agrícola,14398.2
Romania,2015-01-01,Área Agrícola,13520.85
Italy,2015-01-01,Área Agrícola,12660.89
Philippines,2015-01-01,Área Agrícola,12556.0
Viet Nam,2015-01-01,Área Agrícola,12172.2
New Zealand,2015-01-01,Área Agrícola,10850.0
Hungary,2015-01-01,Área Agrícola,5346.45
Greece,2015-01-01,Área Agrícola,5291.71
Bulgaria,2015-01-01,Área Agrícola,5021.41
Japan,2015-01-01,Área Agrícola,4495.9
Ireland,2015-01-01,Área Agrícola,4430.97
Portugal,2015-01-01,Área Agrícola,3695.03
Czech Republic,2015-01-01,Área Agrícola,3493.72
Sweden,2015-01-01,Área Agrícola,3028.35
Lithuania,2015-01-01,Área Agrícola,3005.96
Austria,2015-01-01,Área Agrícola,2720.4
Denmark,2015-01-01,Área Agrícola,2632.95
Finland,2015-01-01,Área Agrícola,2273.3
Slovak Republic,2015-01-01,Área Agrícola,1921.56
Latvia,2015-01-01,Área Agrícola,1884.8
Netherlands,2015-01-01,Área Agrícola,1845.75
Costa Rica,2015-01-01,Área Agrícola,1777.5
Korea,2015-01-01,Área Agrícola,1717.139
Iceland,2015-01-01,Área Agrícola,1591.031
Croatia,2015-01-01,Área Agrícola,1546.02
Switzerland,2015-01-01,Área Agrícola,1523.32
Belgium,2015-01-01,Área Agrícola,1330.88
Estonia,2015-01-01,Área Agrícola,993.6
Norway,2015-01-01,Área Agrícola,986.0
Slovenia,2015-01-01,Área Agrícola,476.86
Israel,2015-01-01,Área Agrícola,305.989
Luxembourg,2015-01-01,Área Agrícola,131.38
Cyprus,2015-01-01,Área Agrícola,112.31
Malta,2015-01-01,Área Agrícola,11.58
China (People's Republic of),2016-01-01,Área Agrícola,528512.1
United States,2016-01-01,Área Agrícola,422826.242
Australia,2016-01-01,Área Agrícola,371078.257
Brazil,2016-01-01,Área Agrícola,236878.6
Kazakhstan,2016-01-01,Área Agrícola,216213.7
Russia,2016-01-01,Área Agrícola,215494.0
India,2016-01-01,Área Agrícola,179235.604
Argentina,2016-01-01,Área Agrícola,111239.4
Mexico,2016-01-01,Área Agrícola,98338.0
South Africa,2016-01-01,Área Agrícola,96341.0
Indonesia,2016-01-01,Área Agrícola,62300.0
Canada,2016-01-01,Área Agrícola,55390.723
Colombia,2016-01-01,Área Agrícola,44723.0
Ukraine,2016-01-01,Área Agrícola,42075.0
Türkiye,2016-01-01,Área Agrícola,38327.687
France,2016-01-01,Área Agrícola,29101.11
Spain,2016-01-01,Área Agrícola,23816.33
United Kingdom,2016-01-01,Área Agrícola,17357.0
Germany,2016-01-01,Área Agrícola,16658.9
Chile,2016-01-01,Área Agrícola,15741.8
Poland,2016-01-01,Área Agrícola,14405.6
Romania,2016-01-01,Área Agrícola,13377.93
Italy,2016-01-01,Área Agrícola,12843.32
Philippines,2016-01-01,Área Agrícola,12585.0
Viet Nam,2016-01-01,Área Agrícola,12168.8
New Zealand,2016-01-01,Área Agrícola,10674.0
Hungary,2016-01-01,Área Agrícola,5348.97
Greece,2016-01-01,Área Agrícola,5259.7
Bulgaria,2016-01-01,Área Agrícola,5029.53
Japan,2016-01-01,Área Agrícola,4471.5
Ireland,2016-01-01,Área Agrícola,4460.9
Portugal,2016-01-01,Área Agrícola,3638.04
Czech Republic,2016-01-01,Área Agrícola,3488.79
Sweden,2016-01-01,Área Agrícola,3020.92
Lithuania,2016-01-01,Área Agrícola,2954.06
Austria,2016-01-01,Área Agrícola,2688.83
Denmark,2016-01-01,Área Agrícola,2625.1
Finland,2016-01-01,Área Agrícola,2274.5
Latvia,2016-01-01,Área Agrícola,1930.6
Slovak Republic,2016-01-01,Área Agrícola,1918.88
Netherlands,2016-01-01,Área Agrícola,1796.26
Costa Rica,2016-01-01,Área Agrícola,1777.5
Korea,2016-01-01,Área Agrícola,1714.544
Iceland,2016-01-01,Área Agrícola,1591.031
Switzerland,2016-01-01,Área Agrícola,1520.53
Croatia,2016-01-01,Área Agrícola,1496.66
Belgium,2016-01-01,Área Agrícola,1352.95
Estonia,2016-01-01,Área Agrícola,1003.51
Norway,2016-01-01,Área Agrícola,983.66
Slovenia,2016-01-01,Área Agrícola,477.67
Israel,2016-01-01,Área Agrícola,308.2
Luxembourg,2016-01-01,Área Agrícola,130.65
Cyprus,2016-01-01,Área Agrícola,121.73
Malta,2016-01-01,Área Agrícola,11.58
China (People's Republic of),2017-01-01,Área Agrícola,528509.7
United States,2017-01-01,Área Agrícola,422826.242
Australia,2017-01-01,Área Agrícola,393797.177
Brazil,2017-01-01,Área Agrícola,236878.801
Kazakhstan,2017-01-01,Área Agrícola,216036.1
Russia,2017-01-01,Área Agrícola,215494.0
India,2017-01-01,Área Agrícola,179115.564
Argentina,2017-01-01,Área Agrícola,108381.76
Mexico,2017-01-01,Área Agrícola,96946.0
South Africa,2017-01-01,Área Agrícola,96341.0
Indonesia,2017-01-01,Área Agrícola,62300.0
Canada,2017-01-01,Área Agrícola,56596.734
Colombia,2017-01-01,Área Agrícola,49499.0
Ukraine,2017-01-01,Área Agrícola,41913.0
Türkiye,2017-01-01,Área Agrícola,37963.0
France,2017-01-01,Área Agrícola,29101.33
Spain,2017-01-01,Área Agrícola,23840.7
United Kingdom,2017-01-01,Área Agrícola,17472.0
Germany,2017-01-01,Área Agrícola,16687.3
Chile,2017-01-01,Área Agrícola,15757.0
Poland,2017-01-01,Área Agrícola,14497.6
Romania,2017-01-01,Área Agrícola,13413.74
Italy,2017-01-01,Área Agrícola,13005.75
Philippines,2017-01-01,Área Agrícola,12614.0
Viet Nam,2017-01-01,Área Agrícola,12140.5
New Zealand,2017-01-01,Área Agrícola,10779.0
Hungary,2017-01-01,Área Agrícola,5352.28
Greece,2017-01-01,Área Agrícola,5152.43
Bulgaria,2017-01-01,Área Agrícola,5030.28
Ireland,2017-01-01,Área Agrícola,4489.21
Japan,2017-01-01,Área Agrícola,4443.7
Portugal,2017-01-01,Área Agrícola,3708.38
Czech Republic,2017-01-01,Área Agrícola,3521.33
Sweden,2017-01-01,Área Agrícola,3011.37
Lithuania,2017-01-01,Área Agrícola,2935.31
Austria,2017-01-01,Área Agrícola,2655.56
Denmark,2017-01-01,Área Agrícola,2631.3
Finland,2017-01-01,Área Agrícola,2272.2
Latvia,2017-01-01,Área Agrícola,1932.2
Slovak Republic,2017-01-01,Área Agrícola,1910.65
Netherlands,2017-01-01,Área Agrícola,1789.99
Costa Rica,2017-01-01,Área Agrícola,1779.5
Korea,2017-01-01,Área Agrícola,1675.108
Iceland,2017-01-01,Área Agrícola,1591.031
Switzerland,2017-01-01,Área Agrícola,1517.66
Croatia,2017-01-01,Área Agrícola,1485.65
Belgium,2017-01-01,Área Agrícola,1329.15
Norway,2017-01-01,Área Agrícola,985.11
Estonia,2017-01-01,Área Agrícola,981.83
Slovenia,2017-01-01,Área Agrícola,481.42
Israel,2017-01-01,Área Agrícola,297.1
Cyprus,2017-01-01,Área Agrícola,132.44
Luxembourg,2017-01-01,Área Agrícola,131.16
Malta,2017-01-01,Área Agrícola,11.58
China (People's Republic of),2018-01-01,Área Agrícola,528509.2
United States,2018-01-01,Área Agrícola,424445.02
Australia,2018-01-01,Área Agrícola,378081.996
Brazil,2018-01-01,Área Agrícola,236878.801
Russia,2018-01-01,Área Agrícola,215494.0
Kazakhstan,2018-01-01,Área Agrícola,213974.3
India,2018-01-01,Área Agrícola,179044.947
Argentina,2018-01-01,Área Agrícola,108381.76
Mexico,2018-01-01,Área Agrícola,96516.0
South Africa,2018-01-01,Área Agrícola,96341.0
Indonesia,2018-01-01,Área Agrícola,62300.0
Canada,2018-01-01,Área Agrícola,56522.906
Colombia,2018-01-01,Área Agrícola,49492.0
Ukraine,2018-01-01,Área Agrícola,41892.0
Türkiye,2018-01-01,Área Agrícola,37797.0
France,2018-01-01,Área Agrícola,29020.16
Spain,2018-01-01,Área Agrícola,24201.91
United Kingdom,2018-01-01,Área Agrícola,17357.0
Germany,2018-01-01,Área Agrícola,16645.1
Chile,2018-01-01,Área Agrícola,15695.0
Poland,2018-01-01,Área Agrícola,14539.55
Romania,2018-01-01,Área Agrícola,13825.61
Italy,2018-01-01,Área Agrícola,12908.75
Philippines,2018-01-01,Área Agrícola,12643.0
Viet Nam,2018-01-01,Área Agrícola,12388.0
New Zealand,2018-01-01,Área Agrícola,10632.0
Hungary,2018-01-01,Área Agrícola,5343.78
Greece,2018-01-01,Área Agrícola,5288.05
Bulgaria,2018-01-01,Área Agrícola,5037.47
Ireland,2018-01-01,Área Agrícola,4516.04
Japan,2018-01-01,Área Agrícola,4419.2
Portugal,2018-01-01,Área Agrícola,3752.98
Czech Republic,2018-01-01,Área Agrícola,3523.22
Sweden,2018-01-01,Área Agrícola,3000.39
Lithuania,2018-01-01,Área Agrícola,2947.23
Austria,2018-01-01,Área Agrícola,2653.84
Denmark,2018-01-01,Área Agrícola,2632.5
Finland,2018-01-01,Área Agrícola,2271.9
Latvia,2018-01-01,Área Agrícola,1937.9
Slovak Republic,2018-01-01,Área Agrícola,1919.54
Netherlands,2018-01-01,Área Agrícola,1822.4
Costa Rica,2018-01-01,Área Agrícola,1782.5
Korea,2018-01-01,Área Agrícola,1693.795
Iceland,2018-01-01,Área Agrícola,1591.031
Switzerland,2018-01-01,Área Agrícola,1514.68
Croatia,2018-01-01,Área Agrícola,1504.45
Belgium,2018-01-01,Área Agrícola,1356.08
Norway,2018-01-01,Área Agrícola,986.3
Estonia,2018-01-01,Área Agrícola,984.67
Slovenia,2018-01-01,Área Agrícola,477.93
Israel,2018-01-01,Área Agrícola,353.212
Luxembourg,2018-01-01,Área Agrícola,131.56
Cyprus,2018-01-01,Área Agrícola,125.35
Malta,2018-01-01,Área Agrícola,11.58
China (People's Republic of),2019-01-01,Área Agrícola,528508.1
United States,2019-01-01,Área Agrícola,418374.603
Australia,2019-01-01,Área Agrícola,383801.493
Brazil,2019-01-01,Área Agrícola,236878.801
Russia,2019-01-01,Área Agrícola,215494.0
Kazakhstan,2019-01-01,Área Agrícola,214003.2
India,2019-01-01,Área Agrícola,179045.076
Argentina,2019-01-01,Área Agrícola,108381.76
South Africa,2019-01-01,Área Agrícola,96341.0
Mexico,2019-01-01,Área Agrícola,96106.0
Indonesia,2019-01-01,Área Agrícola,62300.0
Canada,2019-01-01,Área Agrícola,55679.41
Colombia,2019-01-01,Área Agrícola,49609.0
Ukraine,2019-01-01,Área Agrícola,41892.0
Türkiye,2019-01-01,Área Agrícola,37797.0
France,2019-01-01,Área Agrícola,29024.18
Spain,2019-01-01,Área Agrícola,24371.66
United Kingdom,2019-01-01,Área Agrícola,17529.0
Germany,2019-01-01,Área Agrícola,16666.0
Chile,2019-01-01,Área Agrícola,15671.0
Poland,2019-01-01,Área Agrícola,14550.35
Italy,2019-01-01,Área Agrícola,13150.2
Romania,2019-01-01,Área Agrícola,13048.8
Philippines,2019-01-01,Área Agrícola,12675.0
Viet Nam,2019-01-01,Área Agrícola,12360.0
New Zealand,2019-01-01,Área Agrícola,10428.0
Hungary,2019-01-01,Área Agrícola,5309.52
Greece,2019-01-01,Área Agrícola,5153.38
Bulgaria,2019-01-01,Área Agrícola,5047.25
Ireland,2019-01-01,Área Agrícola,4524.15
Japan,2019-01-01,Área Agrícola,4396.9
Portugal,2019-01-01,Área Agrícola,3966.67
Czech Republic,2019-01-01,Área Agrícola,3523.66
Sweden,2019-01-01,Área Agrícola,3004.78
Lithuania,2019-01-01,Área Agrícola,2974.99
Austria,2019-01-01,Área Agrícola,2652.22
Denmark,2019-01-01,Área Agrícola,2626.0
Finland,2019-01-01,Área Agrícola,2273.8
Latvia,2019-01-01,Área Agrícola,1959.4
Slovak Republic,2019-01-01,Área Agrícola,1915.73
Netherlands,2019-01-01,Área Agrícola,1816.32
Costa Rica,2019-01-01,Área Agrícola,1775.5
Korea,2019-01-01,Área Agrícola,1676.253
Iceland,2019-01-01,Área Agrícola,1591.031
Switzerland,2019-01-01,Área Agrícola,1512.1
Croatia,2019-01-01,Área Agrícola,1506.21
Belgium,2019-01-01,Área Agrícola,1358.7
Estonia,2019-01-01,Área Agrícola,988.41
Norway,2019-01-01,Área Agrícola,981.82
Slovenia,2019-01-01,Área Agrícola,479.82
Israel,2019-01-01,Área Agrícola,293.5
Luxembourg,2019-01-01,Área Agrícola,131.59
Cyprus,2019-01-01,Área Agrícola,127.78
Malta,2019-01-01,Área Agrícola,10.7
Australia,2020-01-01,Área Agrícola,377002.256
Mexico,2020-01-01,Área Agrícola,97138.0
Canada,2020-01-01,Área Agrícola,55845.207
Colombia,2020-01-01,Área Agrícola,48242.823
Türkiye,2020-01-01,Área Agrícola,37762.0
France,2020-01-01,Área Agrícola,28897.88
Spain,2020-01-01,Área Agrícola,24434.63
Germany,2020-01-01,Área Agrícola,16595.0
Chile,2020-01-01,Área Agrícola,15710.0
Poland,2020-01-01,Área Agrícola,14754.86
Italy,2020-01-01,Área Agrícola,13122.14
Romania,2020-01-01,Área Agrícola,13078.88
New Zealand,2020-01-01,Área Agrícola,10234.0
Greece,2020-01-01,Área Agrícola,5267.52
Bulgaria,2020-01-01,Área Agrícola,5046.6
Hungary,2020-01-01,Área Agrícola,4997.88
Ireland,2020-01-01,Área Agrícola,4511.42
Japan,2020-01-01,Área Agrícola,4372.2
Portugal,2020-01-01,Área Agrícola,3970.41
Czech Republic,2020-01-01,Área Agrícola,3523.87
Sweden,2020-01-01,Área Agrícola,3005.54
Lithuania,2020-01-01,Área Agrícola,2942.78
Austria,2020-01-01,Área Agrícola,2646.96
Denmark,2020-01-01,Área Agrícola,2620.0
Finland,2020-01-01,Área Agrícola,2270.0
Latvia,2020-01-01,Área Agrícola,1969.0
Slovak Republic,2020-01-01,Área Agrícola,1910.04
Netherlands,2020-01-01,Área Agrícola,1814.45
Costa Rica,2020-01-01,Área Agrícola,1761.5
Korea,2020-01-01,Área Agrícola,1656.483
Iceland,2020-01-01,Área Agrícola,1591.031
Switzerland,2020-01-01,Área Agrícola,1510.38
Croatia,2020-01-01,Área Agrícola,1476.35
Belgium,2020-01-01,Área Agrícola,1367.08
Norway,2020-01-01,Área Agrícola,985.96
Estonia,2020-01-01,Área Agrícola,985.46
Slovenia,2020-01-01,Área Agrícola,484.06
Israel,2020-01-01,Área Agrícola,288.311
Luxembourg,2020-01-01,Área Agrícola,132.14
Cyprus,2020-01-01,Área Agrícola,123.45
Malta,2020-01-01,Área Agrícola,10.73
Australia,2021-01-01,Área Agrícola,387264.589
Canada,2021-01-01,Área Agrícola,54904.117
Türkiye,2021-01-01,Área Agrícola,38089.0
Spain,2021-01-01,Área Agrícola,24420.4
Germany,2021-01-01,Área Agrícola,16591.5
Poland,2021-01-01,Área Agrícola,14521.86
Italy,2021-01-01,Área Agrícola,12987.42
New Zealand,2021-01-01,Área Agrícola,10175.0
Greece,2021-01-01,Área Agrícola,5137.04
Hungary,2021-01-01,Área Agrícola,5049.01
Japan,2021-01-01,Área Agrícola,4348.6
Ireland,2021-01-01,Área Agrícola,4337.13
Portugal,2021-01-01,Área Agrícola,3980.49
Czech Republic,2021-01-01,Área Agrícola,3529.8
Sweden,2021-01-01,Área Agrícola,3002.91
Lithuania,2021-01-01,Área Agrícola,2937.81
Denmark,2021-01-01,Área Agrícola,2618.4
Austria,2021-01-01,Área Agrícola,2602.49
Finland,2021-01-01,Área Agrícola,2268.0
Latvia,2021-01-01,Área Agrícola,1970.1
Slovak Republic,2021-01-01,Área Agrícola,1856.13
Netherlands,2021-01-01,Área Agrícola,1811.91
Iceland,2021-01-01,Área Agrícola,1591.031
Belgium,2021-01-01,Área Agrícola,1368.31
Estonia,2021-01-01,Área Agrícola,986.67
Slovenia,2021-01-01,Área Agrícola,479.49
Israel,2021-01-01,Área Agrícola,289.094
Luxembourg,2021-01-01,Área Agrícola,132.81
