state,date,label,nutrient,value
11,2009-01-01,Fertilizante orgânico vinhaça,N,34.8565
11,2010-01-01,Fertilizante orgânico vinhaça,N,44.8155
11,2011-01-01,Fertilizante orgânico vinhaça,N,54.774499999999996
11,2012-01-01,Fertilizante orgânico vinhaça,N,59.754
11,2013-01-01,Fertilizante orgânico vinhaça,N,44.8155
11,2014-01-01,Fertilizante orgânico vinhaça,N,54.774499999999996
11,2015-01-01,Fertilizante orgânico vinhaça,N,64.7335
11,2016-01-01,Fertilizante orgânico vinhaça,N,64.7335
11,2017-01-01,Fertilizante orgânico vinhaça,N,44.8155
11,2018-01-01,Fertilizante orgânico vinhaça,N,19.918
11,2019-01-01,Fertilizante orgânico vinhaça,N,9.959
11,2020-01-01,Fertilizante orgânico vinhaça,N,24.8975
12,2011-01-01,Fertilizante orgânico vinhaça,N,4.9795
12,2012-01-01,Fertilizante orgânico vinhaça,N,14.9385
12,2013-01-01,Fertilizante orgânico vinhaça,N,19.918
12,2014-01-01,Fertilizante orgânico vinhaça,N,24.8975
12,2016-01-01,Fertilizante orgânico vinhaça,N,24.8975
12,2017-01-01,Fertilizante orgânico vinhaça,N,19.918
13,2001-01-01,Fertilizante orgânico vinhaça,N,19.918
13,2002-01-01,Fertilizante orgânico vinhaça,N,14.9385
13,2003-01-01,Fertilizante orgânico vinhaça,N,19.918
13,2004-01-01,Fertilizante orgânico vinhaça,N,19.918
13,2005-01-01,Fertilizante orgânico vinhaça,N,24.8975
13,2006-01-01,Fertilizante orgânico vinhaça,N,29.877
13,2007-01-01,Fertilizante orgânico vinhaça,N,29.877
13,2008-01-01,Fertilizante orgânico vinhaça,N,39.836
13,2009-01-01,Fertilizante orgânico vinhaça,N,39.836
13,2010-01-01,Fertilizante orgânico vinhaça,N,24.8975
13,2011-01-01,Fertilizante orgânico vinhaça,N,34.8565
13,2012-01-01,Fertilizante orgânico vinhaça,N,29.877
13,2013-01-01,Fertilizante orgânico vinhaça,N,19.918
13,2014-01-01,Fertilizante orgânico vinhaça,N,24.8975
13,2015-01-01,Fertilizante orgânico vinhaça,N,14.9385
13,2016-01-01,Fertilizante orgânico vinhaça,N,29.877
13,2017-01-01,Fertilizante orgânico vinhaça,N,24.8975
13,2018-01-01,Fertilizante orgânico vinhaça,N,24.8975
13,2019-01-01,Fertilizante orgânico vinhaça,N,24.8975
13,2020-01-01,Fertilizante orgânico vinhaça,N,44.8155
13,2021-01-01,Fertilizante orgânico vinhaça,N,44.8155
15,2000-01-01,Fertilizante orgânico vinhaça,N,129.467
15,2001-01-01,Fertilizante orgânico vinhaça,N,134.4465
15,2002-01-01,Fertilizante orgânico vinhaça,N,124.4875
15,2003-01-01,Fertilizante orgânico vinhaça,N,129.467
15,2004-01-01,Fertilizante orgânico vinhaça,N,174.2825
15,2005-01-01,Fertilizante orgânico vinhaça,N,239.016
15,2006-01-01,Fertilizante orgânico vinhaça,N,209.139
15,2007-01-01,Fertilizante orgânico vinhaça,N,258.934
15,2008-01-01,Fertilizante orgânico vinhaça,N,179.262
15,2009-01-01,Fertilizante orgânico vinhaça,N,224.0775
15,2010-01-01,Fertilizante orgânico vinhaça,N,189.221
15,2011-01-01,Fertilizante orgânico vinhaça,N,114.5285
15,2012-01-01,Fertilizante orgânico vinhaça,N,194.2005
15,2013-01-01,Fertilizante orgânico vinhaça,N,164.3235
15,2014-01-01,Fertilizante orgânico vinhaça,N,189.221
15,2015-01-01,Fertilizante orgânico vinhaça,N,204.1595
15,2016-01-01,Fertilizante orgânico vinhaça,N,204.1595
15,2017-01-01,Fertilizante orgânico vinhaça,N,164.3235
15,2018-01-01,Fertilizante orgânico vinhaça,N,258.934
15,2019-01-01,Fertilizante orgânico vinhaça,N,229.057
15,2020-01-01,Fertilizante orgânico vinhaça,N,288.811
15,2021-01-01,Fertilizante orgânico vinhaça,N,248.975
17,2006-01-01,Fertilizante orgânico vinhaça,N,19.918
17,2007-01-01,Fertilizante orgânico vinhaça,N,59.754
17,2009-01-01,Fertilizante orgânico vinhaça,N,14.9385
17,2010-01-01,Fertilizante orgânico vinhaça,N,9.959
17,2011-01-01,Fertilizante orgânico vinhaça,N,79.672
17,2012-01-01,Fertilizante orgânico vinhaça,N,552.7245
17,2013-01-01,Fertilizante orgânico vinhaça,N,781.7814999999999
17,2014-01-01,Fertilizante orgânico vinhaça,N,975.982
17,2015-01-01,Fertilizante orgânico vinhaça,N,876.3919999999999
17,2016-01-01,Fertilizante orgânico vinhaça,N,1060.6335
17,2017-01-01,Fertilizante orgânico vinhaça,N,806.679
17,2018-01-01,Fertilizante orgânico vinhaça,N,876.3919999999999
17,2019-01-01,Fertilizante orgânico vinhaça,N,771.8225
17,2020-01-01,Fertilizante orgânico vinhaça,N,826.597
17,2021-01-01,Fertilizante orgânico vinhaça,N,876.3919999999999
21,2000-01-01,Fertilizante orgânico vinhaça,N,283.8315
21,2001-01-01,Fertilizante orgânico vinhaça,N,234.0365
21,2002-01-01,Fertilizante orgânico vinhaça,N,373.4625
21,2003-01-01,Fertilizante orgânico vinhaça,N,418.278
21,2004-01-01,Fertilizante orgânico vinhaça,N,448.155
21,2005-01-01,Fertilizante orgânico vinhaça,N,478.032
21,2006-01-01,Fertilizante orgânico vinhaça,N,278.852
21,2007-01-01,Fertilizante orgânico vinhaça,N,637.376
21,2008-01-01,Fertilizante orgânico vinhaça,N,846.515
21,2009-01-01,Fertilizante orgânico vinhaça,N,906.269
21,2010-01-01,Fertilizante orgânico vinhaça,N,836.556
21,2011-01-01,Fertilizante orgânico vinhaça,N,906.269
21,2012-01-01,Fertilizante orgânico vinhaça,N,881.3715
21,2013-01-01,Fertilizante orgânico vinhaça,N,796.72
21,2014-01-01,Fertilizante orgânico vinhaça,N,836.556
21,2015-01-01,Fertilizante orgânico vinhaça,N,896.31
21,2016-01-01,Fertilizante orgânico vinhaça,N,931.1665
21,2017-01-01,Fertilizante orgânico vinhaça,N,632.3965
21,2018-01-01,Fertilizante orgânico vinhaça,N,811.6585
21,2019-01-01,Fertilizante orgânico vinhaça,N,736.966
21,2020-01-01,Fertilizante orgânico vinhaça,N,836.556
21,2021-01-01,Fertilizante orgânico vinhaça,N,886.351
22,2000-01-01,Fertilizante orgânico vinhaça,N,74.6925
22,2001-01-01,Fertilizante orgânico vinhaça,N,84.6515
22,2002-01-01,Fertilizante orgânico vinhaça,N,94.6105
22,2003-01-01,Fertilizante orgânico vinhaça,N,114.5285
22,2004-01-01,Fertilizante orgânico vinhaça,N,109.54899999999999
22,2005-01-01,Fertilizante orgânico vinhaça,N,94.6105
22,2006-01-01,Fertilizante orgânico vinhaça,N,174.2825
22,2007-01-01,Fertilizante orgânico vinhaça,N,253.9545
22,2008-01-01,Fertilizante orgânico vinhaça,N,179.262
22,2009-01-01,Fertilizante orgânico vinhaça,N,224.0775
22,2010-01-01,Fertilizante orgânico vinhaça,N,204.1595
22,2011-01-01,Fertilizante orgânico vinhaça,N,174.2825
22,2012-01-01,Fertilizante orgânico vinhaça,N,184.2415
22,2013-01-01,Fertilizante orgânico vinhaça,N,164.3235
22,2014-01-01,Fertilizante orgânico vinhaça,N,159.344
22,2015-01-01,Fertilizante orgânico vinhaça,N,164.3235
22,2016-01-01,Fertilizante orgânico vinhaça,N,164.3235
22,2017-01-01,Fertilizante orgânico vinhaça,N,109.54899999999999
22,2018-01-01,Fertilizante orgânico vinhaça,N,99.59
22,2019-01-01,Fertilizante orgânico vinhaça,N,184.2415
22,2020-01-01,Fertilizante orgânico vinhaça,N,229.057
22,2021-01-01,Fertilizante orgânico vinhaça,N,194.2005
23,2000-01-01,Fertilizante orgânico vinhaça,N,9.959
23,2001-01-01,Fertilizante orgânico vinhaça,N,4.9795
23,2002-01-01,Fertilizante orgânico vinhaça,N,4.9795
23,2003-01-01,Fertilizante orgânico vinhaça,N,4.9795
23,2006-01-01,Fertilizante orgânico vinhaça,N,4.9795
23,2007-01-01,Fertilizante orgânico vinhaça,N,4.9795
23,2008-01-01,Fertilizante orgânico vinhaça,N,4.9795
23,2009-01-01,Fertilizante orgânico vinhaça,N,44.8155
23,2010-01-01,Fertilizante orgânico vinhaça,N,54.774499999999996
23,2011-01-01,Fertilizante orgânico vinhaça,N,14.9385
23,2012-01-01,Fertilizante orgânico vinhaça,N,39.836
23,2013-01-01,Fertilizante orgânico vinhaça,N,19.918
23,2014-01-01,Fertilizante orgânico vinhaça,N,44.8155
23,2015-01-01,Fertilizante orgânico vinhaça,N,44.8155
23,2016-01-01,Fertilizante orgânico vinhaça,N,74.6925
23,2017-01-01,Fertilizante orgânico vinhaça,N,24.8975
24,2000-01-01,Fertilizante orgânico vinhaça,N,343.5855
24,2001-01-01,Fertilizante orgânico vinhaça,N,468.073
24,2002-01-01,Fertilizante orgânico vinhaça,N,398.36
24,2003-01-01,Fertilizante orgânico vinhaça,N,492.9705
24,2004-01-01,Fertilizante orgânico vinhaça,N,473.0525
24,2005-01-01,Fertilizante orgânico vinhaça,N,443.1755
24,2006-01-01,Fertilizante orgânico vinhaça,N,368.483
24,2007-01-01,Fertilizante orgânico vinhaça,N,388.401
24,2008-01-01,Fertilizante orgânico vinhaça,N,243.9955
24,2009-01-01,Fertilizante orgânico vinhaça,N,572.6425
24,2010-01-01,Fertilizante orgânico vinhaça,N,607.499
24,2011-01-01,Fertilizante orgânico vinhaça,N,413.2985
24,2012-01-01,Fertilizante orgânico vinhaça,N,527.827
24,2013-01-01,Fertilizante orgânico vinhaça,N,358.524
24,2014-01-01,Fertilizante orgânico vinhaça,N,283.8315
24,2015-01-01,Fertilizante orgânico vinhaça,N,443.1755
24,2016-01-01,Fertilizante orgânico vinhaça,N,443.1755
24,2017-01-01,Fertilizante orgânico vinhaça,N,303.7495
24,2018-01-01,Fertilizante orgânico vinhaça,N,388.401
24,2019-01-01,Fertilizante orgânico vinhaça,N,522.8475
24,2020-01-01,Fertilizante orgânico vinhaça,N,617.458
24,2021-01-01,Fertilizante orgânico vinhaça,N,587.581
25,2000-01-01,Fertilizante orgânico vinhaça,N,1005.859
25,2001-01-01,Fertilizante orgânico vinhaça,N,1085.531
25,2002-01-01,Fertilizante orgânico vinhaça,N,1130.3464999999999
25,2003-01-01,Fertilizante orgânico vinhaça,N,1195.08
25,2004-01-01,Fertilizante orgânico vinhaça,N,1384.301
25,2005-01-01,Fertilizante orgânico vinhaça,N,1683.071
25,2006-01-01,Fertilizante orgânico vinhaça,N,1334.506
25,2007-01-01,Fertilizante orgânico vinhaça,N,1558.5835
25,2008-01-01,Fertilizante orgânico vinhaça,N,1702.989
25,2009-01-01,Fertilizante orgânico vinhaça,N,1946.9845
25,2010-01-01,Fertilizante orgânico vinhaça,N,1937.0255
25,2011-01-01,Fertilizante orgânico vinhaça,N,1483.891
25,2012-01-01,Fertilizante orgânico vinhaça,N,1777.6815
25,2013-01-01,Fertilizante orgânico vinhaça,N,1523.727
25,2014-01-01,Fertilizante orgânico vinhaça,N,1613.358
25,2015-01-01,Fertilizante orgânico vinhaça,N,2096.3695
25,2016-01-01,Fertilizante orgânico vinhaça,N,1712.948
25,2017-01-01,Fertilizante orgânico vinhaça,N,1414.1779999999999
25,2018-01-01,Fertilizante orgânico vinhaça,N,1867.3125
25,2019-01-01,Fertilizante orgânico vinhaça,N,1907.1485
25,2020-01-01,Fertilizante orgânico vinhaça,N,2200.939
25,2021-01-01,Fertilizante orgânico vinhaça,N,2021.677
26,2000-01-01,Fertilizante orgânico vinhaça,N,1693.03
26,2001-01-01,Fertilizante orgânico vinhaça,N,1493.85
26,2002-01-01,Fertilizante orgânico vinhaça,N,1304.629
26,2003-01-01,Fertilizante orgânico vinhaça,N,1528.7065
26,2004-01-01,Fertilizante orgânico vinhaça,N,1902.1689999999999
26,2005-01-01,Fertilizante orgânico vinhaça,N,2066.4925
26,2006-01-01,Fertilizante orgânico vinhaça,N,1623.317
26,2007-01-01,Fertilizante orgânico vinhaça,N,1707.9685
26,2008-01-01,Fertilizante orgânico vinhaça,N,2529.586
26,2009-01-01,Fertilizante orgânico vinhaça,N,2639.1349999999998
26,2010-01-01,Fertilizante orgânico vinhaça,N,1991.8
26,2011-01-01,Fertilizante orgânico vinhaça,N,1917.1075
26,2012-01-01,Fertilizante orgânico vinhaça,N,1782.661
26,2013-01-01,Fertilizante orgânico vinhaça,N,1369.3625
26,2014-01-01,Fertilizante orgânico vinhaça,N,1478.9115
26,2015-01-01,Fertilizante orgânico vinhaça,N,1742.825
26,2016-01-01,Fertilizante orgânico vinhaça,N,1742.825
26,2017-01-01,Fertilizante orgânico vinhaça,N,1668.1325
26,2018-01-01,Fertilizante orgânico vinhaça,N,1618.3375
26,2019-01-01,Fertilizante orgânico vinhaça,N,2151.144
26,2020-01-01,Fertilizante orgânico vinhaça,N,2250.734
26,2021-01-01,Fertilizante orgânico vinhaça,N,1782.661
27,2000-01-01,Fertilizante orgânico vinhaça,N,2743.7045
27,2001-01-01,Fertilizante orgânico vinhaça,N,3550.3835
27,2002-01-01,Fertilizante orgânico vinhaça,N,2798.479
27,2003-01-01,Fertilizante orgânico vinhaça,N,2828.3559999999998
27,2004-01-01,Fertilizante orgânico vinhaça,N,3500.5885
27,2005-01-01,Fertilizante orgânico vinhaça,N,3420.9165
27,2006-01-01,Fertilizante orgânico vinhaça,N,2718.807
27,2007-01-01,Fertilizante orgânico vinhaça,N,3171.9415
27,2008-01-01,Fertilizante orgânico vinhaça,N,4247.5135
27,2009-01-01,Fertilizante orgânico vinhaça,N,4207.6775
27,2010-01-01,Fertilizante orgânico vinhaça,N,3117.167
27,2011-01-01,Fertilizante orgânico vinhaça,N,3565.322
27,2012-01-01,Fertilizante orgânico vinhaça,N,3351.2035
27,2013-01-01,Fertilizante orgânico vinhaça,N,2703.8685
27,2014-01-01,Fertilizante orgânico vinhaça,N,2395.1394999999998
27,2015-01-01,Fertilizante orgânico vinhaça,N,2763.6225
27,2016-01-01,Fertilizante orgânico vinhaça,N,1882.251
27,2017-01-01,Fertilizante orgânico vinhaça,N,1907.1485
27,2018-01-01,Fertilizante orgânico vinhaça,N,1648.2145
27,2019-01-01,Fertilizante orgânico vinhaça,N,2494.7295
27,2020-01-01,Fertilizante orgânico vinhaça,N,2534.5655
27,2021-01-01,Fertilizante orgânico vinhaça,N,2111.308
28,2000-01-01,Fertilizante orgânico vinhaça,N,234.0365
28,2001-01-01,Fertilizante orgânico vinhaça,N,293.7905
28,2002-01-01,Fertilizante orgânico vinhaça,N,258.934
28,2003-01-01,Fertilizante orgânico vinhaça,N,303.7495
28,2004-01-01,Fertilizante orgânico vinhaça,N,323.6675
28,2005-01-01,Fertilizante orgânico vinhaça,N,318.688
28,2006-01-01,Fertilizante orgânico vinhaça,N,239.016
28,2007-01-01,Fertilizante orgânico vinhaça,N,313.7085
28,2008-01-01,Fertilizante orgânico vinhaça,N,243.9955
28,2009-01-01,Fertilizante orgânico vinhaça,N,448.155
28,2010-01-01,Fertilizante orgânico vinhaça,N,383.4215
28,2011-01-01,Fertilizante orgânico vinhaça,N,512.8885
28,2012-01-01,Fertilizante orgânico vinhaça,N,662.2735
28,2013-01-01,Fertilizante orgânico vinhaça,N,552.7245
28,2014-01-01,Fertilizante orgânico vinhaça,N,517.868
28,2015-01-01,Fertilizante orgânico vinhaça,N,702.1095
28,2016-01-01,Fertilizante orgânico vinhaça,N,557.704
28,2017-01-01,Fertilizante orgânico vinhaça,N,328.647
28,2018-01-01,Fertilizante orgânico vinhaça,N,348.565
28,2019-01-01,Fertilizante orgânico vinhaça,N,502.9295
28,2020-01-01,Fertilizante orgânico vinhaça,N,552.7245
28,2021-01-01,Fertilizante orgânico vinhaça,N,537.786
29,2000-01-01,Fertilizante orgânico vinhaça,N,353.54449999999997
29,2001-01-01,Fertilizante orgânico vinhaça,N,239.016
29,2002-01-01,Fertilizante orgânico vinhaça,N,273.8725
29,2003-01-01,Fertilizante orgânico vinhaça,N,288.811
29,2004-01-01,Fertilizante orgânico vinhaça,N,248.975
29,2005-01-01,Fertilizante orgânico vinhaça,N,313.7085
29,2006-01-01,Fertilizante orgânico vinhaça,N,512.8885
29,2007-01-01,Fertilizante orgânico vinhaça,N,473.0525
29,2008-01-01,Fertilizante orgânico vinhaça,N,702.1095
29,2009-01-01,Fertilizante orgânico vinhaça,N,702.1095
29,2010-01-01,Fertilizante orgânico vinhaça,N,587.581
29,2011-01-01,Fertilizante orgânico vinhaça,N,632.3965
29,2012-01-01,Fertilizante orgânico vinhaça,N,587.581
29,2013-01-01,Fertilizante orgânico vinhaça,N,771.8225
29,2014-01-01,Fertilizante orgânico vinhaça,N,866.433
29,2015-01-01,Fertilizante orgânico vinhaça,N,1195.08
29,2016-01-01,Fertilizante orgânico vinhaça,N,1100.4695
29,2017-01-01,Fertilizante orgânico vinhaça,N,527.827
29,2018-01-01,Fertilizante orgânico vinhaça,N,901.2895
29,2019-01-01,Fertilizante orgânico vinhaça,N,1224.9569999999999
29,2020-01-01,Fertilizante orgânico vinhaça,N,1239.8955
29,2021-01-01,Fertilizante orgânico vinhaça,N,1364.383
31,2000-01-01,Fertilizante orgânico vinhaça,N,3206.798
31,2001-01-01,Fertilizante orgânico vinhaça,N,2415.0575
31,2002-01-01,Fertilizante orgânico vinhaça,N,2609.258
31,2003-01-01,Fertilizante orgânico vinhaça,N,3166.962
31,2004-01-01,Fertilizante orgânico vinhaça,N,3844.174
31,2005-01-01,Fertilizante orgânico vinhaça,N,3948.7435
31,2006-01-01,Fertilizante orgânico vinhaça,N,4775.3405
31,2007-01-01,Fertilizante orgânico vinhaça,N,6428.5345
31,2008-01-01,Fertilizante orgânico vinhaça,N,8838.6125
31,2009-01-01,Fertilizante orgânico vinhaça,N,10860.2895
31,2010-01-01,Fertilizante orgânico vinhaça,N,11208.8545
31,2011-01-01,Fertilizante orgânico vinhaça,N,12737.561
31,2012-01-01,Fertilizante orgânico vinhaça,N,10377.278
31,2013-01-01,Fertilizante orgânico vinhaça,N,9929.123
31,2014-01-01,Fertilizante orgânico vinhaça,N,13230.5315
31,2015-01-01,Fertilizante orgânico vinhaça,N,13579.0965
31,2016-01-01,Fertilizante orgânico vinhaça,N,15282.0855
31,2017-01-01,Fertilizante orgânico vinhaça,N,13150.8595
31,2018-01-01,Fertilizante orgânico vinhaça,N,13494.445
31,2019-01-01,Fertilizante orgânico vinhaça,N,16053.908
31,2020-01-01,Fertilizante orgânico vinhaça,N,17761.8765
31,2021-01-01,Fertilizante orgânico vinhaça,N,15232.2905
32,2000-01-01,Fertilizante orgânico vinhaça,N,627.417
32,2001-01-01,Fertilizante orgânico vinhaça,N,751.9045
32,2002-01-01,Fertilizante orgânico vinhaça,N,652.3145
32,2003-01-01,Fertilizante orgânico vinhaça,N,1010.8385
32,2004-01-01,Fertilizante orgânico vinhaça,N,916.228
32,2005-01-01,Fertilizante orgânico vinhaça,N,1160.2235
32,2006-01-01,Fertilizante orgânico vinhaça,N,1170.1825
32,2007-01-01,Fertilizante orgânico vinhaça,N,861.4535
32,2008-01-01,Fertilizante orgânico vinhaça,N,1254.834
32,2009-01-01,Fertilizante orgânico vinhaça,N,1369.3625
32,2010-01-01,Fertilizante orgânico vinhaça,N,1185.121
32,2011-01-01,Fertilizante orgânico vinhaça,N,931.1665
32,2012-01-01,Fertilizante orgânico vinhaça,N,1115.408
32,2013-01-01,Fertilizante orgânico vinhaça,N,886.351
32,2014-01-01,Fertilizante orgânico vinhaça,N,906.269
32,2015-01-01,Fertilizante orgânico vinhaça,N,831.5765
32,2016-01-01,Fertilizante orgânico vinhaça,N,751.9045
32,2017-01-01,Fertilizante orgânico vinhaça,N,298.77
32,2018-01-01,Fertilizante orgânico vinhaça,N,448.155
32,2019-01-01,Fertilizante orgânico vinhaça,N,682.1915
32,2020-01-01,Fertilizante orgânico vinhaça,N,592.5605
32,2021-01-01,Fertilizante orgânico vinhaça,N,552.7245
33,2000-01-01,Fertilizante orgânico vinhaça,N,587.581
33,2001-01-01,Fertilizante orgânico vinhaça,N,463.0935
33,2002-01-01,Fertilizante orgânico vinhaça,N,323.6675
33,2003-01-01,Fertilizante orgânico vinhaça,N,542.7655
33,2004-01-01,Fertilizante orgânico vinhaça,N,532.8065
33,2005-01-01,Fertilizante orgânico vinhaça,N,786.761
33,2006-01-01,Fertilizante orgânico vinhaça,N,677.212
33,2007-01-01,Fertilizante orgânico vinhaça,N,433.2165
33,2008-01-01,Fertilizante orgânico vinhaça,N,597.54
33,2009-01-01,Fertilizante orgânico vinhaça,N,637.376
33,2010-01-01,Fertilizante orgânico vinhaça,N,562.6835
33,2011-01-01,Fertilizante orgânico vinhaça,N,303.7495
33,2012-01-01,Fertilizante orgânico vinhaça,N,378.442
33,2013-01-01,Fertilizante orgânico vinhaça,N,184.2415
33,2014-01-01,Fertilizante orgânico vinhaça,N,423.2575
33,2015-01-01,Fertilizante orgânico vinhaça,N,443.1755
33,2016-01-01,Fertilizante orgânico vinhaça,N,293.7905
33,2017-01-01,Fertilizante orgânico vinhaça,N,408.319
33,2018-01-01,Fertilizante orgânico vinhaça,N,229.057
33,2019-01-01,Fertilizante orgânico vinhaça,N,288.811
33,2020-01-01,Fertilizante orgânico vinhaça,N,283.8315
33,2021-01-01,Fertilizante orgânico vinhaça,N,368.483
35,2000-01-01,Fertilizante orgânico vinhaça,N,42036.939
35,2001-01-01,Fertilizante orgânico vinhaça,N,32063.0005
35,2002-01-01,Fertilizante orgânico vinhaça,N,35528.7325
35,2003-01-01,Fertilizante orgânico vinhaça,N,38297.3345
35,2004-01-01,Fertilizante orgânico vinhaça,N,43844.4975
35,2005-01-01,Fertilizante orgânico vinhaça,N,45418.0195
35,2006-01-01,Fertilizante orgânico vinhaça,N,49516.148
35,2007-01-01,Fertilizante orgânico vinhaça,N,54605.197
35,2008-01-01,Fertilizante orgânico vinhaça,N,66401.63249999999
35,2009-01-01,Fertilizante orgânico vinhaça,N,83267.199
35,2010-01-01,Fertilizante orgânico vinhaça,N,74254.304
35,2011-01-01,Fertilizante orgânico vinhaça,N,76455.243
35,2012-01-01,Fertilizante orgânico vinhaça,N,57752.241
35,2013-01-01,Fertilizante orgânico vinhaça,N,58907.485
35,2014-01-01,Fertilizante orgânico vinhaça,N,69434.148
35,2015-01-01,Fertilizante orgânico vinhaça,N,68333.6785
35,2016-01-01,Fertilizante orgânico vinhaça,N,72586.1715
35,2017-01-01,Fertilizante orgânico vinhaça,N,65714.4615
35,2018-01-01,Fertilizante orgânico vinhaça,N,65843.9285
35,2019-01-01,Fertilizante orgânico vinhaça,N,79393.148
35,2020-01-01,Fertilizante orgânico vinhaça,N,82385.8275
35,2021-01-01,Fertilizante orgânico vinhaça,N,71834.26699999999
41,2000-01-01,Fertilizante orgânico vinhaça,N,5193.6185
41,2001-01-01,Fertilizante orgânico vinhaça,N,3978.6205
41,2002-01-01,Fertilizante orgânico vinhaça,N,4780.32
41,2003-01-01,Fertilizante orgânico vinhaça,N,4879.91
41,2004-01-01,Fertilizante orgânico vinhaça,N,6074.99
41,2005-01-01,Fertilizante orgânico vinhaça,N,5980.3795
41,2006-01-01,Fertilizante orgânico vinhaça,N,5178.68
41,2007-01-01,Fertilizante orgânico vinhaça,N,6582.899
41,2008-01-01,Fertilizante orgânico vinhaça,N,9256.8905
41,2009-01-01,Fertilizante orgânico vinhaça,N,10202.995499999999
41,2010-01-01,Fertilizante orgânico vinhaça,N,9386.3575
41,2011-01-01,Fertilizante orgânico vinhaça,N,8061.8105
41,2012-01-01,Fertilizante orgânico vinhaça,N,6981.259
41,2013-01-01,Fertilizante orgânico vinhaça,N,6468.3705
41,2014-01-01,Fertilizante orgânico vinhaça,N,7409.496
41,2015-01-01,Fertilizante orgânico vinhaça,N,8136.503
41,2016-01-01,Fertilizante orgânico vinhaça,N,7837.733
41,2017-01-01,Fertilizante orgânico vinhaça,N,6747.2225
41,2018-01-01,Fertilizante orgânico vinhaça,N,6318.9855
41,2019-01-01,Fertilizante orgânico vinhaça,N,8041.8925
41,2020-01-01,Fertilizante orgânico vinhaça,N,8260.9905
41,2021-01-01,Fertilizante orgânico vinhaça,N,6279.1494999999995
43,2002-01-01,Fertilizante orgânico vinhaça,N,24.8975
43,2003-01-01,Fertilizante orgânico vinhaça,N,29.877
43,2004-01-01,Fertilizante orgânico vinhaça,N,29.877
43,2005-01-01,Fertilizante orgânico vinhaça,N,24.8975
43,2006-01-01,Fertilizante orgânico vinhaça,N,14.9385
43,2007-01-01,Fertilizante orgânico vinhaça,N,29.877
43,2008-01-01,Fertilizante orgânico vinhaça,N,34.8565
43,2009-01-01,Fertilizante orgânico vinhaça,N,29.877
43,2010-01-01,Fertilizante orgânico vinhaça,N,9.959
43,2011-01-01,Fertilizante orgânico vinhaça,N,29.877
43,2012-01-01,Fertilizante orgânico vinhaça,N,34.8565
43,2013-01-01,Fertilizante orgânico vinhaça,N,9.959
43,2014-01-01,Fertilizante orgânico vinhaça,N,24.8975
43,2015-01-01,Fertilizante orgânico vinhaça,N,19.918
43,2016-01-01,Fertilizante orgânico vinhaça,N,19.918
43,2017-01-01,Fertilizante orgânico vinhaça,N,14.9385
43,2018-01-01,Fertilizante orgânico vinhaça,N,9.959
43,2019-01-01,Fertilizante orgânico vinhaça,N,9.959
43,2020-01-01,Fertilizante orgânico vinhaça,N,9.959
50,2000-01-01,Fertilizante orgânico vinhaça,N,1847.3944999999999
50,2001-01-01,Fertilizante orgânico vinhaça,N,1568.5425
50,2002-01-01,Fertilizante orgânico vinhaça,N,1976.8615
50,2003-01-01,Fertilizante orgânico vinhaça,N,2081.431
50,2004-01-01,Fertilizante orgânico vinhaça,N,2390.16
50,2005-01-01,Fertilizante orgânico vinhaça,N,2594.3195
50,2006-01-01,Fertilizante orgânico vinhaça,N,2469.832
50,2007-01-01,Fertilizante orgânico vinhaça,N,3191.8595
50,2008-01-01,Fertilizante orgânico vinhaça,N,4367.0215
50,2009-01-01,Fertilizante orgânico vinhaça,N,5357.942
50,2010-01-01,Fertilizante orgânico vinhaça,N,6279.1494999999995
50,2011-01-01,Fertilizante orgânico vinhaça,N,9207.0955
50,2012-01-01,Fertilizante orgânico vinhaça,N,8121.5644999999995
50,2013-01-01,Fertilizante orgânico vinhaça,N,9545.7015
50,2014-01-01,Fertilizante orgânico vinhaça,N,11109.2645
50,2015-01-01,Fertilizante orgânico vinhaça,N,12483.6065
50,2016-01-01,Fertilizante orgânico vinhaça,N,13828.0715
50,2017-01-01,Fertilizante orgânico vinhaça,N,13489.4655
50,2018-01-01,Fertilizante orgânico vinhaça,N,13106.044
50,2019-01-01,Fertilizante orgânico vinhaça,N,16312.842
50,2020-01-01,Fertilizante orgânico vinhaça,N,16591.694
50,2021-01-01,Fertilizante orgânico vinhaça,N,14261.288
51,2000-01-01,Fertilizante orgânico vinhaça,N,2708.848
51,2001-01-01,Fertilizante orgânico vinhaça,N,2310.488
51,2002-01-01,Fertilizante orgânico vinhaça,N,2888.11
51,2003-01-01,Fertilizante orgânico vinhaça,N,3256.593
51,2004-01-01,Fertilizante orgânico vinhaça,N,3943.764
51,2005-01-01,Fertilizante orgânico vinhaça,N,4053.313
51,2006-01-01,Fertilizante orgânico vinhaça,N,3839.1945
51,2007-01-01,Fertilizante orgânico vinhaça,N,3769.4815
51,2008-01-01,Fertilizante orgânico vinhaça,N,4451.673
51,2009-01-01,Fertilizante orgânico vinhaça,N,4740.484
51,2010-01-01,Fertilizante orgânico vinhaça,N,4113.067
51,2011-01-01,Fertilizante orgânico vinhaça,N,4267.4315
51,2012-01-01,Fertilizante orgânico vinhaça,N,4202.698
51,2013-01-01,Fertilizante orgânico vinhaça,N,4855.0125
51,2014-01-01,Fertilizante orgânico vinhaça,N,5497.368
51,2015-01-01,Fertilizante orgânico vinhaça,N,5821.0355
51,2016-01-01,Fertilizante orgânico vinhaça,N,6602.817
51,2017-01-01,Fertilizante orgânico vinhaça,N,6079.9695
51,2018-01-01,Fertilizante orgânico vinhaça,N,7464.2705
51,2019-01-01,Fertilizante orgânico vinhaça,N,8983.018
51,2020-01-01,Fertilizante orgânico vinhaça,N,12174.8775
51,2021-01-01,Fertilizante orgânico vinhaça,N,16561.817
52,2000-01-01,Fertilizante orgânico vinhaça,N,1568.5425
52,2001-01-01,Fertilizante orgânico vinhaça,N,1583.481
52,2002-01-01,Fertilizante orgânico vinhaça,N,1887.2305
52,2003-01-01,Fertilizante orgânico vinhaça,N,2265.6725
52,2004-01-01,Fertilizante orgânico vinhaça,N,3216.757
52,2005-01-01,Fertilizante orgânico vinhaça,N,3570.3015
52,2006-01-01,Fertilizante orgânico vinhaça,N,3630.0555
52,2007-01-01,Fertilizante orgânico vinhaça,N,4093.149
52,2008-01-01,Fertilizante orgânico vinhaça,N,6045.113
52,2009-01-01,Fertilizante orgânico vinhaça,N,8594.617
52,2010-01-01,Fertilizante orgânico vinhaça,N,10934.982
52,2011-01-01,Fertilizante orgânico vinhaça,N,14415.6525
52,2012-01-01,Fertilizante orgânico vinhaça,N,13330.1215
52,2013-01-01,Fertilizante orgânico vinhaça,N,15585.835
52,2014-01-01,Fertilizante orgânico vinhaça,N,19315.4805
52,2015-01-01,Fertilizante orgânico vinhaça,N,20968.6745
52,2016-01-01,Fertilizante orgânico vinhaça,N,23348.8755
52,2017-01-01,Fertilizante orgânico vinhaça,N,21830.128
52,2018-01-01,Fertilizante orgânico vinhaça,N,22995.331
52,2019-01-01,Fertilizante orgânico vinhaça,N,24359.714
52,2020-01-01,Fertilizante orgânico vinhaça,N,27551.5735
52,2021-01-01,Fertilizante orgânico vinhaça,N,26097.5595
11,2009-01-01,Fertilizante orgânico vinhaça,P,2.737
11,2010-01-01,Fertilizante orgânico vinhaça,P,3.519
11,2011-01-01,Fertilizante orgânico vinhaça,P,4.301
11,2012-01-01,Fertilizante orgânico vinhaça,P,4.692
11,2013-01-01,Fertilizante orgânico vinhaça,P,3.519
11,2014-01-01,Fertilizante orgânico vinhaça,P,4.301
11,2015-01-01,Fertilizante orgânico vinhaça,P,5.083
11,2016-01-01,Fertilizante orgânico vinhaça,P,5.083
11,2017-01-01,Fertilizante orgânico vinhaça,P,3.519
11,2018-01-01,Fertilizante orgânico vinhaça,P,1.564
11,2019-01-01,Fertilizante orgânico vinhaça,P,0.782
11,2020-01-01,Fertilizante orgânico vinhaça,P,1.955
12,2011-01-01,Fertilizante orgânico vinhaça,P,0.391
12,2012-01-01,Fertilizante orgânico vinhaça,P,1.173
12,2013-01-01,Fertilizante orgânico vinhaça,P,1.564
12,2014-01-01,Fertilizante orgânico vinhaça,P,1.955
12,2016-01-01,Fertilizante orgânico vinhaça,P,1.955
12,2017-01-01,Fertilizante orgânico vinhaça,P,1.564
13,2001-01-01,Fertilizante orgânico vinhaça,P,1.564
13,2002-01-01,Fertilizante orgânico vinhaça,P,1.173
13,2003-01-01,Fertilizante orgânico vinhaça,P,1.564
13,2004-01-01,Fertilizante orgânico vinhaça,P,1.564
13,2005-01-01,Fertilizante orgânico vinhaça,P,1.955
13,2006-01-01,Fertilizante orgânico vinhaça,P,2.346
13,2007-01-01,Fertilizante orgânico vinhaça,P,2.346
13,2008-01-01,Fertilizante orgânico vinhaça,P,3.128
13,2009-01-01,Fertilizante orgânico vinhaça,P,3.128
13,2010-01-01,Fertilizante orgânico vinhaça,P,1.955
13,2011-01-01,Fertilizante orgânico vinhaça,P,2.737
13,2012-01-01,Fertilizante orgânico vinhaça,P,2.346
13,2013-01-01,Fertilizante orgânico vinhaça,P,1.564
13,2014-01-01,Fertilizante orgânico vinhaça,P,1.955
13,2015-01-01,Fertilizante orgânico vinhaça,P,1.173
13,2016-01-01,Fertilizante orgânico vinhaça,P,2.346
13,2017-01-01,Fertilizante orgânico vinhaça,P,1.955
13,2018-01-01,Fertilizante orgânico vinhaça,P,1.955
13,2019-01-01,Fertilizante orgânico vinhaça,P,1.955
13,2020-01-01,Fertilizante orgânico vinhaça,P,3.519
13,2021-01-01,Fertilizante orgânico vinhaça,P,3.519
15,2000-01-01,Fertilizante orgânico vinhaça,P,10.166
15,2001-01-01,Fertilizante orgânico vinhaça,P,10.557
15,2002-01-01,Fertilizante orgânico vinhaça,P,9.775
15,2003-01-01,Fertilizante orgânico vinhaça,P,10.166
15,2004-01-01,Fertilizante orgânico vinhaça,P,13.685
15,2005-01-01,Fertilizante orgânico vinhaça,P,18.768
15,2006-01-01,Fertilizante orgânico vinhaça,P,16.422
15,2007-01-01,Fertilizante orgânico vinhaça,P,20.332
15,2008-01-01,Fertilizante orgânico vinhaça,P,14.076
15,2009-01-01,Fertilizante orgânico vinhaça,P,17.595000000000002
15,2010-01-01,Fertilizante orgânico vinhaça,P,14.858
15,2011-01-01,Fertilizante orgânico vinhaça,P,8.993
15,2012-01-01,Fertilizante orgânico vinhaça,P,15.249
15,2013-01-01,Fertilizante orgânico vinhaça,P,12.903
15,2014-01-01,Fertilizante orgânico vinhaça,P,14.858
15,2015-01-01,Fertilizante orgânico vinhaça,P,16.031000000000002
15,2016-01-01,Fertilizante orgânico vinhaça,P,16.031000000000002
15,2017-01-01,Fertilizante orgânico vinhaça,P,12.903
15,2018-01-01,Fertilizante orgânico vinhaça,P,20.332
15,2019-01-01,Fertilizante orgânico vinhaça,P,17.986
15,2020-01-01,Fertilizante orgânico vinhaça,P,22.678
15,2021-01-01,Fertilizante orgânico vinhaça,P,19.55
17,2006-01-01,Fertilizante orgânico vinhaça,P,1.564
17,2007-01-01,Fertilizante orgânico vinhaça,P,4.692
17,2009-01-01,Fertilizante orgânico vinhaça,P,1.173
17,2010-01-01,Fertilizante orgânico vinhaça,P,0.782
17,2011-01-01,Fertilizante orgânico vinhaça,P,6.256
17,2012-01-01,Fertilizante orgânico vinhaça,P,43.401
17,2013-01-01,Fertilizante orgânico vinhaça,P,61.38700000000001
17,2014-01-01,Fertilizante orgânico vinhaça,P,76.63600000000001
17,2015-01-01,Fertilizante orgânico vinhaça,P,68.816
17,2016-01-01,Fertilizante orgânico vinhaça,P,83.283
17,2017-01-01,Fertilizante orgânico vinhaça,P,63.342000000000006
17,2018-01-01,Fertilizante orgânico vinhaça,P,68.816
17,2019-01-01,Fertilizante orgânico vinhaça,P,60.605000000000004
17,2020-01-01,Fertilizante orgânico vinhaça,P,64.906
17,2021-01-01,Fertilizante orgânico vinhaça,P,68.816
21,2000-01-01,Fertilizante orgânico vinhaça,P,22.287000000000003
21,2001-01-01,Fertilizante orgânico vinhaça,P,18.377000000000002
21,2002-01-01,Fertilizante orgânico vinhaça,P,29.325000000000003
21,2003-01-01,Fertilizante orgânico vinhaça,P,32.844
21,2004-01-01,Fertilizante orgânico vinhaça,P,35.190000000000005
21,2005-01-01,Fertilizante orgânico vinhaça,P,37.536
21,2006-01-01,Fertilizante orgânico vinhaça,P,21.896
21,2007-01-01,Fertilizante orgânico vinhaça,P,50.048
21,2008-01-01,Fertilizante orgânico vinhaça,P,66.47
21,2009-01-01,Fertilizante orgânico vinhaça,P,71.162
21,2010-01-01,Fertilizante orgânico vinhaça,P,65.688
21,2011-01-01,Fertilizante orgânico vinhaça,P,71.162
21,2012-01-01,Fertilizante orgânico vinhaça,P,69.20700000000001
21,2013-01-01,Fertilizante orgânico vinhaça,P,62.56
21,2014-01-01,Fertilizante orgânico vinhaça,P,65.688
21,2015-01-01,Fertilizante orgânico vinhaça,P,70.38000000000001
21,2016-01-01,Fertilizante orgânico vinhaça,P,73.117
21,2017-01-01,Fertilizante orgânico vinhaça,P,49.657000000000004
21,2018-01-01,Fertilizante orgânico vinhaça,P,63.733000000000004
21,2019-01-01,Fertilizante orgânico vinhaça,P,57.868
21,2020-01-01,Fertilizante orgânico vinhaça,P,65.688
21,2021-01-01,Fertilizante orgânico vinhaça,P,69.598
22,2000-01-01,Fertilizante orgânico vinhaça,P,5.865
22,2001-01-01,Fertilizante orgânico vinhaça,P,6.647
22,2002-01-01,Fertilizante orgânico vinhaça,P,7.429
22,2003-01-01,Fertilizante orgânico vinhaça,P,8.993
22,2004-01-01,Fertilizante orgânico vinhaça,P,8.602
22,2005-01-01,Fertilizante orgânico vinhaça,P,7.429
22,2006-01-01,Fertilizante orgânico vinhaça,P,13.685
22,2007-01-01,Fertilizante orgânico vinhaça,P,19.941000000000003
22,2008-01-01,Fertilizante orgânico vinhaça,P,14.076
22,2009-01-01,Fertilizante orgânico vinhaça,P,17.595000000000002
22,2010-01-01,Fertilizante orgânico vinhaça,P,16.031000000000002
22,2011-01-01,Fertilizante orgânico vinhaça,P,13.685
22,2012-01-01,Fertilizante orgânico vinhaça,P,14.467
22,2013-01-01,Fertilizante orgânico vinhaça,P,12.903
22,2014-01-01,Fertilizante orgânico vinhaça,P,12.512
22,2015-01-01,Fertilizante orgânico vinhaça,P,12.903
22,2016-01-01,Fertilizante orgânico vinhaça,P,12.903
22,2017-01-01,Fertilizante orgânico vinhaça,P,8.602
22,2018-01-01,Fertilizante orgânico vinhaça,P,7.82
22,2019-01-01,Fertilizante orgânico vinhaça,P,14.467
22,2020-01-01,Fertilizante orgânico vinhaça,P,17.986
22,2021-01-01,Fertilizante orgânico vinhaça,P,15.249
23,2000-01-01,Fertilizante orgânico vinhaça,P,0.782
23,2001-01-01,Fertilizante orgânico vinhaça,P,0.391
23,2002-01-01,Fertilizante orgânico vinhaça,P,0.391
23,2003-01-01,Fertilizante orgânico vinhaça,P,0.391
23,2006-01-01,Fertilizante orgânico vinhaça,P,0.391
23,2007-01-01,Fertilizante orgânico vinhaça,P,0.391
23,2008-01-01,Fertilizante orgânico vinhaça,P,0.391
23,2009-01-01,Fertilizante orgânico vinhaça,P,3.519
23,2010-01-01,Fertilizante orgânico vinhaça,P,4.301
23,2011-01-01,Fertilizante orgânico vinhaça,P,1.173
23,2012-01-01,Fertilizante orgânico vinhaça,P,3.128
23,2013-01-01,Fertilizante orgânico vinhaça,P,1.564
23,2014-01-01,Fertilizante orgânico vinhaça,P,3.519
23,2015-01-01,Fertilizante orgânico vinhaça,P,3.519
23,2016-01-01,Fertilizante orgânico vinhaça,P,5.865
23,2017-01-01,Fertilizante orgânico vinhaça,P,1.955
24,2000-01-01,Fertilizante orgânico vinhaça,P,26.979000000000003
24,2001-01-01,Fertilizante orgânico vinhaça,P,36.754000000000005
24,2002-01-01,Fertilizante orgânico vinhaça,P,31.28
24,2003-01-01,Fertilizante orgânico vinhaça,P,38.709
24,2004-01-01,Fertilizante orgânico vinhaça,P,37.145
24,2005-01-01,Fertilizante orgânico vinhaça,P,34.799
24,2006-01-01,Fertilizante orgânico vinhaça,P,28.934
24,2007-01-01,Fertilizante orgânico vinhaça,P,30.498
24,2008-01-01,Fertilizante orgânico vinhaça,P,19.159000000000002
24,2009-01-01,Fertilizante orgânico vinhaça,P,44.965
24,2010-01-01,Fertilizante orgânico vinhaça,P,47.702000000000005
24,2011-01-01,Fertilizante orgânico vinhaça,P,32.453
24,2012-01-01,Fertilizante orgânico vinhaça,P,41.446000000000005
24,2013-01-01,Fertilizante orgânico vinhaça,P,28.152
24,2014-01-01,Fertilizante orgânico vinhaça,P,22.287000000000003
24,2015-01-01,Fertilizante orgânico vinhaça,P,34.799
24,2016-01-01,Fertilizante orgânico vinhaça,P,34.799
24,2017-01-01,Fertilizante orgânico vinhaça,P,23.851000000000003
24,2018-01-01,Fertilizante orgânico vinhaça,P,30.498
24,2019-01-01,Fertilizante orgânico vinhaça,P,41.055
24,2020-01-01,Fertilizante orgânico vinhaça,P,48.484
24,2021-01-01,Fertilizante orgânico vinhaça,P,46.138000000000005
25,2000-01-01,Fertilizante orgânico vinhaça,P,78.982
25,2001-01-01,Fertilizante orgânico vinhaça,P,85.238
25,2002-01-01,Fertilizante orgânico vinhaça,P,88.757
25,2003-01-01,Fertilizante orgânico vinhaça,P,93.84
25,2004-01-01,Fertilizante orgânico vinhaça,P,108.69800000000001
25,2005-01-01,Fertilizante orgânico vinhaça,P,132.15800000000002
25,2006-01-01,Fertilizante orgânico vinhaça,P,104.78800000000001
25,2007-01-01,Fertilizante orgânico vinhaça,P,122.38300000000001
25,2008-01-01,Fertilizante orgânico vinhaça,P,133.722
25,2009-01-01,Fertilizante orgânico vinhaça,P,152.881
25,2010-01-01,Fertilizante orgânico vinhaça,P,152.09900000000002
25,2011-01-01,Fertilizante orgânico vinhaça,P,116.51800000000001
25,2012-01-01,Fertilizante orgânico vinhaça,P,139.58700000000002
25,2013-01-01,Fertilizante orgânico vinhaça,P,119.64600000000002
25,2014-01-01,Fertilizante orgânico vinhaça,P,126.68400000000001
25,2015-01-01,Fertilizante orgânico vinhaça,P,164.61100000000002
25,2016-01-01,Fertilizante orgânico vinhaça,P,134.50400000000002
25,2017-01-01,Fertilizante orgânico vinhaça,P,111.04400000000001
25,2018-01-01,Fertilizante orgânico vinhaça,P,146.625
25,2019-01-01,Fertilizante orgânico vinhaça,P,149.75300000000001
25,2020-01-01,Fertilizante orgânico vinhaça,P,172.822
25,2021-01-01,Fertilizante orgânico vinhaça,P,158.746
26,2000-01-01,Fertilizante orgânico vinhaça,P,132.94
26,2001-01-01,Fertilizante orgânico vinhaça,P,117.30000000000001
26,2002-01-01,Fertilizante orgânico vinhaça,P,102.44200000000001
26,2003-01-01,Fertilizante orgânico vinhaça,P,120.037
26,2004-01-01,Fertilizante orgânico vinhaça,P,149.36200000000002
26,2005-01-01,Fertilizante orgânico vinhaça,P,162.26500000000001
26,2006-01-01,Fertilizante orgânico vinhaça,P,127.46600000000001
26,2007-01-01,Fertilizante orgânico vinhaça,P,134.113
26,2008-01-01,Fertilizante orgânico vinhaça,P,198.62800000000001
26,2009-01-01,Fertilizante orgânico vinhaça,P,207.23000000000002
26,2010-01-01,Fertilizante orgânico vinhaça,P,156.4
26,2011-01-01,Fertilizante orgânico vinhaça,P,150.53500000000003
26,2012-01-01,Fertilizante orgânico vinhaça,P,139.978
26,2013-01-01,Fertilizante orgânico vinhaça,P,107.525
26,2014-01-01,Fertilizante orgânico vinhaça,P,116.12700000000001
26,2015-01-01,Fertilizante orgânico vinhaça,P,136.85000000000002
26,2016-01-01,Fertilizante orgânico vinhaça,P,136.85000000000002
26,2017-01-01,Fertilizante orgânico vinhaça,P,130.985
26,2018-01-01,Fertilizante orgânico vinhaça,P,127.075
26,2019-01-01,Fertilizante orgânico vinhaça,P,168.912
26,2020-01-01,Fertilizante orgânico vinhaça,P,176.732
26,2021-01-01,Fertilizante orgânico vinhaça,P,139.978
27,2000-01-01,Fertilizante orgânico vinhaça,P,215.441
27,2001-01-01,Fertilizante orgânico vinhaça,P,278.783
27,2002-01-01,Fertilizante orgânico vinhaça,P,219.74200000000002
27,2003-01-01,Fertilizante orgânico vinhaça,P,222.08800000000002
27,2004-01-01,Fertilizante orgânico vinhaça,P,274.87300000000005
27,2005-01-01,Fertilizante orgânico vinhaça,P,268.617
27,2006-01-01,Fertilizante orgânico vinhaça,P,213.48600000000002
27,2007-01-01,Fertilizante orgânico vinhaça,P,249.067
27,2008-01-01,Fertilizante orgânico vinhaça,P,333.523
27,2009-01-01,Fertilizante orgânico vinhaça,P,330.39500000000004
27,2010-01-01,Fertilizante orgânico vinhaça,P,244.76600000000002
27,2011-01-01,Fertilizante orgânico vinhaça,P,279.956
27,2012-01-01,Fertilizante orgânico vinhaça,P,263.14300000000003
27,2013-01-01,Fertilizante orgânico vinhaça,P,212.31300000000002
27,2014-01-01,Fertilizante orgânico vinhaça,P,188.07100000000003
27,2015-01-01,Fertilizante orgânico vinhaça,P,217.00500000000002
27,2016-01-01,Fertilizante orgânico vinhaça,P,147.798
27,2017-01-01,Fertilizante orgânico vinhaça,P,149.75300000000001
27,2018-01-01,Fertilizante orgânico vinhaça,P,129.42100000000002
27,2019-01-01,Fertilizante orgânico vinhaça,P,195.89100000000002
27,2020-01-01,Fertilizante orgânico vinhaça,P,199.019
27,2021-01-01,Fertilizante orgânico vinhaça,P,165.78400000000002
28,2000-01-01,Fertilizante orgânico vinhaça,P,18.377000000000002
28,2001-01-01,Fertilizante orgânico vinhaça,P,23.069000000000003
28,2002-01-01,Fertilizante orgânico vinhaça,P,20.332
28,2003-01-01,Fertilizante orgânico vinhaça,P,23.851000000000003
28,2004-01-01,Fertilizante orgânico vinhaça,P,25.415000000000003
28,2005-01-01,Fertilizante orgânico vinhaça,P,25.024
28,2006-01-01,Fertilizante orgânico vinhaça,P,18.768
28,2007-01-01,Fertilizante orgânico vinhaça,P,24.633000000000003
28,2008-01-01,Fertilizante orgânico vinhaça,P,19.159000000000002
28,2009-01-01,Fertilizante orgânico vinhaça,P,35.190000000000005
28,2010-01-01,Fertilizante orgânico vinhaça,P,30.107000000000003
28,2011-01-01,Fertilizante orgânico vinhaça,P,40.273
28,2012-01-01,Fertilizante orgânico vinhaça,P,52.00300000000001
28,2013-01-01,Fertilizante orgânico vinhaça,P,43.401
28,2014-01-01,Fertilizante orgânico vinhaça,P,40.664
28,2015-01-01,Fertilizante orgânico vinhaça,P,55.13100000000001
28,2016-01-01,Fertilizante orgânico vinhaça,P,43.792
28,2017-01-01,Fertilizante orgânico vinhaça,P,25.806
28,2018-01-01,Fertilizante orgânico vinhaça,P,27.37
28,2019-01-01,Fertilizante orgânico vinhaça,P,39.491
28,2020-01-01,Fertilizante orgânico vinhaça,P,43.401
28,2021-01-01,Fertilizante orgânico vinhaça,P,42.228
29,2000-01-01,Fertilizante orgânico vinhaça,P,27.761000000000003
29,2001-01-01,Fertilizante orgânico vinhaça,P,18.768
29,2002-01-01,Fertilizante orgânico vinhaça,P,21.505000000000003
29,2003-01-01,Fertilizante orgânico vinhaça,P,22.678
29,2004-01-01,Fertilizante orgânico vinhaça,P,19.55
29,2005-01-01,Fertilizante orgânico vinhaça,P,24.633000000000003
29,2006-01-01,Fertilizante orgânico vinhaça,P,40.273
29,2007-01-01,Fertilizante orgânico vinhaça,P,37.145
29,2008-01-01,Fertilizante orgânico vinhaça,P,55.13100000000001
29,2009-01-01,Fertilizante orgânico vinhaça,P,55.13100000000001
29,2010-01-01,Fertilizante orgânico vinhaça,P,46.138000000000005
29,2011-01-01,Fertilizante orgânico vinhaça,P,49.657000000000004
29,2012-01-01,Fertilizante orgânico vinhaça,P,46.138000000000005
29,2013-01-01,Fertilizante orgânico vinhaça,P,60.605000000000004
29,2014-01-01,Fertilizante orgânico vinhaça,P,68.034
29,2015-01-01,Fertilizante orgânico vinhaça,P,93.84
29,2016-01-01,Fertilizante orgânico vinhaça,P,86.411
29,2017-01-01,Fertilizante orgânico vinhaça,P,41.446000000000005
29,2018-01-01,Fertilizante orgânico vinhaça,P,70.771
29,2019-01-01,Fertilizante orgânico vinhaça,P,96.186
29,2020-01-01,Fertilizante orgânico vinhaça,P,97.35900000000001
29,2021-01-01,Fertilizante orgânico vinhaça,P,107.13400000000001
31,2000-01-01,Fertilizante orgânico vinhaça,P,251.80400000000003
31,2001-01-01,Fertilizante orgânico vinhaça,P,189.63500000000002
31,2002-01-01,Fertilizante orgânico vinhaça,P,204.88400000000001
31,2003-01-01,Fertilizante orgânico vinhaça,P,248.67600000000002
31,2004-01-01,Fertilizante orgânico vinhaça,P,301.85200000000003
31,2005-01-01,Fertilizante orgânico vinhaça,P,310.06300000000005
31,2006-01-01,Fertilizante orgânico vinhaça,P,374.96900000000005
31,2007-01-01,Fertilizante orgânico vinhaça,P,504.78100000000006
31,2008-01-01,Fertilizante orgânico vinhaça,P,694.0250000000001
31,2009-01-01,Fertilizante orgânico vinhaça,P,852.7710000000001
31,2010-01-01,Fertilizante orgânico vinhaça,P,880.1410000000001
31,2011-01-01,Fertilizante orgânico vinhaça,P,1000.1780000000001
31,2012-01-01,Fertilizante orgânico vinhaça,P,814.844
31,2013-01-01,Fertilizante orgânico vinhaça,P,779.6540000000001
31,2014-01-01,Fertilizante orgânico vinhaça,P,1038.8870000000002
31,2015-01-01,Fertilizante orgânico vinhaça,P,1066.257
31,2016-01-01,Fertilizante orgânico vinhaça,P,1199.979
31,2017-01-01,Fertilizante orgânico vinhaça,P,1032.631
31,2018-01-01,Fertilizante orgânico vinhaça,P,1059.6100000000001
31,2019-01-01,Fertilizante orgânico vinhaça,P,1260.584
31,2020-01-01,Fertilizante orgânico vinhaça,P,1394.6970000000001
31,2021-01-01,Fertilizante orgânico vinhaça,P,1196.0690000000002
32,2000-01-01,Fertilizante orgânico vinhaça,P,49.266000000000005
32,2001-01-01,Fertilizante orgânico vinhaça,P,59.041000000000004
32,2002-01-01,Fertilizante orgânico vinhaça,P,51.221000000000004
32,2003-01-01,Fertilizante orgânico vinhaça,P,79.373
32,2004-01-01,Fertilizante orgânico vinhaça,P,71.944
32,2005-01-01,Fertilizante orgânico vinhaça,P,91.10300000000001
32,2006-01-01,Fertilizante orgânico vinhaça,P,91.885
32,2007-01-01,Fertilizante orgânico vinhaça,P,67.643
32,2008-01-01,Fertilizante orgânico vinhaça,P,98.53200000000001
32,2009-01-01,Fertilizante orgânico vinhaça,P,107.525
32,2010-01-01,Fertilizante orgânico vinhaça,P,93.058
32,2011-01-01,Fertilizante orgânico vinhaça,P,73.117
32,2012-01-01,Fertilizante orgânico vinhaça,P,87.584
32,2013-01-01,Fertilizante orgânico vinhaça,P,69.598
32,2014-01-01,Fertilizante orgânico vinhaça,P,71.162
32,2015-01-01,Fertilizante orgânico vinhaça,P,65.29700000000001
32,2016-01-01,Fertilizante orgânico vinhaça,P,59.041000000000004
32,2017-01-01,Fertilizante orgânico vinhaça,P,23.46
32,2018-01-01,Fertilizante orgânico vinhaça,P,35.190000000000005
32,2019-01-01,Fertilizante orgânico vinhaça,P,53.56700000000001
32,2020-01-01,Fertilizante orgânico vinhaça,P,46.529
32,2021-01-01,Fertilizante orgânico vinhaça,P,43.401
33,2000-01-01,Fertilizante orgânico vinhaça,P,46.138000000000005
33,2001-01-01,Fertilizante orgânico vinhaça,P,36.363
33,2002-01-01,Fertilizante orgânico vinhaça,P,25.415000000000003
33,2003-01-01,Fertilizante orgânico vinhaça,P,42.619
33,2004-01-01,Fertilizante orgânico vinhaça,P,41.837
33,2005-01-01,Fertilizante orgânico vinhaça,P,61.778000000000006
33,2006-01-01,Fertilizante orgânico vinhaça,P,53.176
33,2007-01-01,Fertilizante orgânico vinhaça,P,34.017
33,2008-01-01,Fertilizante orgânico vinhaça,P,46.92
33,2009-01-01,Fertilizante orgânico vinhaça,P,50.048
33,2010-01-01,Fertilizante orgânico vinhaça,P,44.183
33,2011-01-01,Fertilizante orgânico vinhaça,P,23.851000000000003
33,2012-01-01,Fertilizante orgânico vinhaça,P,29.716
33,2013-01-01,Fertilizante orgânico vinhaça,P,14.467
33,2014-01-01,Fertilizante orgânico vinhaça,P,33.235
33,2015-01-01,Fertilizante orgânico vinhaça,P,34.799
33,2016-01-01,Fertilizante orgânico vinhaça,P,23.069000000000003
33,2017-01-01,Fertilizante orgânico vinhaça,P,32.062000000000005
33,2018-01-01,Fertilizante orgânico vinhaça,P,17.986
33,2019-01-01,Fertilizante orgânico vinhaça,P,22.678
33,2020-01-01,Fertilizante orgânico vinhaça,P,22.287000000000003
33,2021-01-01,Fertilizante orgânico vinhaça,P,28.934
35,2000-01-01,Fertilizante orgânico vinhaça,P,3300.822
35,2001-01-01,Fertilizante orgânico vinhaça,P,2517.6490000000003
35,2002-01-01,Fertilizante orgânico vinhaça,P,2789.7850000000003
35,2003-01-01,Fertilizante orgânico vinhaça,P,3007.181
35,2004-01-01,Fertilizante orgânico vinhaça,P,3442.755
35,2005-01-01,Fertilizante orgânico vinhaça,P,3566.311
35,2006-01-01,Fertilizante orgânico vinhaça,P,3888.1040000000003
35,2007-01-01,Fertilizante orgânico vinhaça,P,4287.706
35,2008-01-01,Fertilizante orgânico vinhaça,P,5213.985000000001
35,2009-01-01,Fertilizante orgânico vinhaça,P,6538.302000000001
35,2010-01-01,Fertilizante orgânico vinhaça,P,5830.592000000001
35,2011-01-01,Fertilizante orgânico vinhaça,P,6003.414000000001
35,2012-01-01,Fertilizante orgânico vinhaça,P,4534.818
35,2013-01-01,Fertilizante orgânico vinhaça,P,4625.530000000001
35,2014-01-01,Fertilizante orgânico vinhaça,P,5452.104
35,2015-01-01,Fertilizante orgânico vinhaça,P,5365.693
35,2016-01-01,Fertilizante orgânico vinhaça,P,5699.607
35,2017-01-01,Fertilizante orgânico vinhaça,P,5160.027
35,2018-01-01,Fertilizante orgânico vinhaça,P,5170.193
35,2019-01-01,Fertilizante orgânico vinhaça,P,6234.104
35,2020-01-01,Fertilizante orgânico vinhaça,P,6469.095
35,2021-01-01,Fertilizante orgânico vinhaça,P,5640.566000000001
41,2000-01-01,Fertilizante orgânico vinhaça,P,407.81300000000005
41,2001-01-01,Fertilizante orgânico vinhaça,P,312.40900000000005
41,2002-01-01,Fertilizante orgânico vinhaça,P,375.36
41,2003-01-01,Fertilizante orgânico vinhaça,P,383.18
41,2004-01-01,Fertilizante orgânico vinhaça,P,477.02000000000004
41,2005-01-01,Fertilizante orgânico vinhaça,P,469.591
41,2006-01-01,Fertilizante orgânico vinhaça,P,406.64000000000004
41,2007-01-01,Fertilizante orgânico vinhaça,P,516.902
41,2008-01-01,Fertilizante orgânico vinhaça,P,726.869
41,2009-01-01,Fertilizante orgânico vinhaça,P,801.1590000000001
41,2010-01-01,Fertilizante orgânico vinhaça,P,737.0350000000001
41,2011-01-01,Fertilizante orgânico vinhaça,P,633.029
41,2012-01-01,Fertilizante orgânico vinhaça,P,548.182
41,2013-01-01,Fertilizante orgânico vinhaça,P,507.90900000000005
41,2014-01-01,Fertilizante orgânico vinhaça,P,581.808
41,2015-01-01,Fertilizante orgânico vinhaça,P,638.894
41,2016-01-01,Fertilizante orgânico vinhaça,P,615.4340000000001
41,2017-01-01,Fertilizante orgânico vinhaça,P,529.8050000000001
41,2018-01-01,Fertilizante orgânico vinhaça,P,496.17900000000003
41,2019-01-01,Fertilizante orgânico vinhaça,P,631.465
41,2020-01-01,Fertilizante orgânico vinhaça,P,648.6690000000001
41,2021-01-01,Fertilizante orgânico vinhaça,P,493.05100000000004
43,2002-01-01,Fertilizante orgânico vinhaça,P,1.955
43,2003-01-01,Fertilizante orgânico vinhaça,P,2.346
43,2004-01-01,Fertilizante orgânico vinhaça,P,2.346
43,2005-01-01,Fertilizante orgânico vinhaça,P,1.955
43,2006-01-01,Fertilizante orgânico vinhaça,P,1.173
43,2007-01-01,Fertilizante orgânico vinhaça,P,2.346
43,2008-01-01,Fertilizante orgânico vinhaça,P,2.737
43,2009-01-01,Fertilizante orgânico vinhaça,P,2.346
43,2010-01-01,Fertilizante orgânico vinhaça,P,0.782
43,2011-01-01,Fertilizante orgânico vinhaça,P,2.346
43,2012-01-01,Fertilizante orgânico vinhaça,P,2.737
43,2013-01-01,Fertilizante orgânico vinhaça,P,0.782
43,2014-01-01,Fertilizante orgânico vinhaça,P,1.955
43,2015-01-01,Fertilizante orgânico vinhaça,P,1.564
43,2016-01-01,Fertilizante orgânico vinhaça,P,1.564
43,2017-01-01,Fertilizante orgânico vinhaça,P,1.173
43,2018-01-01,Fertilizante orgânico vinhaça,P,0.782
43,2019-01-01,Fertilizante orgânico vinhaça,P,0.782
43,2020-01-01,Fertilizante orgânico vinhaça,P,0.782
50,2000-01-01,Fertilizante orgânico vinhaça,P,145.061
50,2001-01-01,Fertilizante orgânico vinhaça,P,123.165
50,2002-01-01,Fertilizante orgânico vinhaça,P,155.227
50,2003-01-01,Fertilizante orgânico vinhaça,P,163.43800000000002
50,2004-01-01,Fertilizante orgânico vinhaça,P,187.68
50,2005-01-01,Fertilizante orgânico vinhaça,P,203.711
50,2006-01-01,Fertilizante orgânico vinhaça,P,193.936
50,2007-01-01,Fertilizante orgânico vinhaça,P,250.63100000000003
50,2008-01-01,Fertilizante orgânico vinhaça,P,342.90700000000004
50,2009-01-01,Fertilizante orgânico vinhaça,P,420.716
50,2010-01-01,Fertilizante orgânico vinhaça,P,493.05100000000004
50,2011-01-01,Fertilizante orgânico vinhaça,P,722.9590000000001
50,2012-01-01,Fertilizante orgânico vinhaça,P,637.721
50,2013-01-01,Fertilizante orgânico vinhaça,P,749.547
50,2014-01-01,Fertilizante orgânico vinhaça,P,872.321
50,2015-01-01,Fertilizante orgânico vinhaça,P,980.2370000000001
50,2016-01-01,Fertilizante orgânico vinhaça,P,1085.807
50,2017-01-01,Fertilizante orgânico vinhaça,P,1059.219
50,2018-01-01,Fertilizante orgânico vinhaça,P,1029.112
50,2019-01-01,Fertilizante orgânico vinhaça,P,1280.9160000000002
50,2020-01-01,Fertilizante orgânico vinhaça,P,1302.8120000000001
50,2021-01-01,Fertilizante orgânico vinhaça,P,1119.824
51,2000-01-01,Fertilizante orgânico vinhaça,P,212.704
51,2001-01-01,Fertilizante orgânico vinhaça,P,181.424
51,2002-01-01,Fertilizante orgânico vinhaça,P,226.78000000000003
51,2003-01-01,Fertilizante orgânico vinhaça,P,255.71400000000003
51,2004-01-01,Fertilizante orgânico vinhaça,P,309.672
51,2005-01-01,Fertilizante orgânico vinhaça,P,318.274
51,2006-01-01,Fertilizante orgânico vinhaça,P,301.461
51,2007-01-01,Fertilizante orgânico vinhaça,P,295.987
51,2008-01-01,Fertilizante orgânico vinhaça,P,349.55400000000003
51,2009-01-01,Fertilizante orgânico vinhaça,P,372.232
51,2010-01-01,Fertilizante orgânico vinhaça,P,322.966
51,2011-01-01,Fertilizante orgânico vinhaça,P,335.08700000000005
51,2012-01-01,Fertilizante orgânico vinhaça,P,330.004
51,2013-01-01,Fertilizante orgânico vinhaça,P,381.225
51,2014-01-01,Fertilizante orgânico vinhaça,P,431.66400000000004
51,2015-01-01,Fertilizante orgânico vinhaça,P,457.079
51,2016-01-01,Fertilizante orgânico vinhaça,P,518.466
51,2017-01-01,Fertilizante orgânico vinhaça,P,477.41100000000006
51,2018-01-01,Fertilizante orgânico vinhaça,P,586.109
51,2019-01-01,Fertilizante orgânico vinhaça,P,705.364
51,2020-01-01,Fertilizante orgânico vinhaça,P,955.9950000000001
51,2021-01-01,Fertilizante orgânico vinhaça,P,1300.4660000000001
52,2000-01-01,Fertilizante orgânico vinhaça,P,123.165
52,2001-01-01,Fertilizante orgânico vinhaça,P,124.33800000000001
52,2002-01-01,Fertilizante orgânico vinhaça,P,148.18900000000002
52,2003-01-01,Fertilizante orgânico vinhaça,P,177.905
52,2004-01-01,Fertilizante orgânico vinhaça,P,252.586
52,2005-01-01,Fertilizante orgânico vinhaça,P,280.34700000000004
52,2006-01-01,Fertilizante orgânico vinhaça,P,285.03900000000004
52,2007-01-01,Fertilizante orgânico vinhaça,P,321.40200000000004
52,2008-01-01,Fertilizante orgânico vinhaça,P,474.67400000000004
52,2009-01-01,Fertilizante orgânico vinhaça,P,674.8660000000001
52,2010-01-01,Fertilizante orgânico vinhaça,P,858.6360000000001
52,2011-01-01,Fertilizante orgânico vinhaça,P,1131.9450000000002
52,2012-01-01,Fertilizante orgânico vinhaça,P,1046.707
52,2013-01-01,Fertilizante orgânico vinhaça,P,1223.8300000000002
52,2014-01-01,Fertilizante orgânico vinhaça,P,1516.689
52,2015-01-01,Fertilizante orgânico vinhaça,P,1646.5010000000002
52,2016-01-01,Fertilizante orgânico vinhaça,P,1833.3990000000001
52,2017-01-01,Fertilizante orgânico vinhaça,P,1714.1440000000002
52,2018-01-01,Fertilizante orgânico vinhaça,P,1805.6380000000001
52,2019-01-01,Fertilizante orgânico vinhaça,P,1912.7720000000002
52,2020-01-01,Fertilizante orgânico vinhaça,P,2163.4030000000002
52,2021-01-01,Fertilizante orgânico vinhaça,P,2049.231
11,2009-01-01,Fertilizante orgânico vinhaça,K,177.583
11,2010-01-01,Fertilizante orgânico vinhaça,K,228.321
11,2011-01-01,Fertilizante orgânico vinhaça,K,279.05899999999997
11,2012-01-01,Fertilizante orgânico vinhaça,K,304.428
11,2013-01-01,Fertilizante orgânico vinhaça,K,228.321
11,2014-01-01,Fertilizante orgânico vinhaça,K,279.05899999999997
11,2015-01-01,Fertilizante orgânico vinhaça,K,329.79699999999997
11,2016-01-01,Fertilizante orgânico vinhaça,K,329.79699999999997
11,2017-01-01,Fertilizante orgânico vinhaça,K,228.321
11,2018-01-01,Fertilizante orgânico vinhaça,K,101.476
11,2019-01-01,Fertilizante orgânico vinhaça,K,50.738
11,2020-01-01,Fertilizante orgânico vinhaça,K,126.845
12,2011-01-01,Fertilizante orgânico vinhaça,K,25.369
12,2012-01-01,Fertilizante orgânico vinhaça,K,76.107
12,2013-01-01,Fertilizante orgânico vinhaça,K,101.476
12,2014-01-01,Fertilizante orgânico vinhaça,K,126.845
12,2016-01-01,Fertilizante orgânico vinhaça,K,126.845
12,2017-01-01,Fertilizante orgânico vinhaça,K,101.476
13,2001-01-01,Fertilizante orgânico vinhaça,K,101.476
13,2002-01-01,Fertilizante orgânico vinhaça,K,76.107
13,2003-01-01,Fertilizante orgânico vinhaça,K,101.476
13,2004-01-01,Fertilizante orgânico vinhaça,K,101.476
13,2005-01-01,Fertilizante orgânico vinhaça,K,126.845
13,2006-01-01,Fertilizante orgânico vinhaça,K,152.214
13,2007-01-01,Fertilizante orgânico vinhaça,K,152.214
13,2008-01-01,Fertilizante orgânico vinhaça,K,202.952
13,2009-01-01,Fertilizante orgânico vinhaça,K,202.952
13,2010-01-01,Fertilizante orgânico vinhaça,K,126.845
13,2011-01-01,Fertilizante orgânico vinhaça,K,177.583
13,2012-01-01,Fertilizante orgânico vinhaça,K,152.214
13,2013-01-01,Fertilizante orgânico vinhaça,K,101.476
13,2014-01-01,Fertilizante orgânico vinhaça,K,126.845
13,2015-01-01,Fertilizante orgânico vinhaça,K,76.107
13,2016-01-01,Fertilizante orgânico vinhaça,K,152.214
13,2017-01-01,Fertilizante orgânico vinhaça,K,126.845
13,2018-01-01,Fertilizante orgânico vinhaça,K,126.845
13,2019-01-01,Fertilizante orgânico vinhaça,K,126.845
13,2020-01-01,Fertilizante orgânico vinhaça,K,228.321
13,2021-01-01,Fertilizante orgânico vinhaça,K,228.321
15,2000-01-01,Fertilizante orgânico vinhaça,K,659.5939999999999
15,2001-01-01,Fertilizante orgânico vinhaça,K,684.963
15,2002-01-01,Fertilizante orgânico vinhaça,K,634.225
15,2003-01-01,Fertilizante orgânico vinhaça,K,659.5939999999999
15,2004-01-01,Fertilizante orgânico vinhaça,K,887.915
15,2005-01-01,Fertilizante orgânico vinhaça,K,1217.712
15,2006-01-01,Fertilizante orgânico vinhaça,K,1065.498
15,2007-01-01,Fertilizante orgânico vinhaça,K,1319.1879999999999
15,2008-01-01,Fertilizante orgânico vinhaça,K,913.284
15,2009-01-01,Fertilizante orgânico vinhaça,K,1141.605
15,2010-01-01,Fertilizante orgânico vinhaça,K,964.0219999999999
15,2011-01-01,Fertilizante orgânico vinhaça,K,583.487
15,2012-01-01,Fertilizante orgânico vinhaça,K,989.391
15,2013-01-01,Fertilizante orgânico vinhaça,K,837.177
15,2014-01-01,Fertilizante orgânico vinhaça,K,964.0219999999999
15,2015-01-01,Fertilizante orgânico vinhaça,K,1040.129
15,2016-01-01,Fertilizante orgânico vinhaça,K,1040.129
15,2017-01-01,Fertilizante orgânico vinhaça,K,837.177
15,2018-01-01,Fertilizante orgânico vinhaça,K,1319.1879999999999
15,2019-01-01,Fertilizante orgânico vinhaça,K,1166.974
15,2020-01-01,Fertilizante orgânico vinhaça,K,1471.402
15,2021-01-01,Fertilizante orgânico vinhaça,K,1268.45
17,2006-01-01,Fertilizante orgânico vinhaça,K,101.476
17,2007-01-01,Fertilizante orgânico vinhaça,K,304.428
17,2009-01-01,Fertilizante orgânico vinhaça,K,76.107
17,2010-01-01,Fertilizante orgânico vinhaça,K,50.738
17,2011-01-01,Fertilizante orgânico vinhaça,K,405.904
17,2012-01-01,Fertilizante orgânico vinhaça,K,2815.959
17,2013-01-01,Fertilizante orgânico vinhaça,K,3982.933
17,2014-01-01,Fertilizante orgânico vinhaça,K,4972.324
17,2015-01-01,Fertilizante orgânico vinhaça,K,4464.9439999999995
17,2016-01-01,Fertilizante orgânico vinhaça,K,5403.597
17,2017-01-01,Fertilizante orgânico vinhaça,K,4109.778
17,2018-01-01,Fertilizante orgânico vinhaça,K,4464.9439999999995
17,2019-01-01,Fertilizante orgânico vinhaça,K,3932.1949999999997
17,2020-01-01,Fertilizante orgânico vinhaça,K,4211.254
17,2021-01-01,Fertilizante orgânico vinhaça,K,4464.9439999999995
21,2000-01-01,Fertilizante orgânico vinhaça,K,1446.033
21,2001-01-01,Fertilizante orgânico vinhaça,K,1192.343
21,2002-01-01,Fertilizante orgânico vinhaça,K,1902.675
21,2003-01-01,Fertilizante orgânico vinhaça,K,2130.996
21,2004-01-01,Fertilizante orgânico vinhaça,K,2283.21
21,2005-01-01,Fertilizante orgânico vinhaça,K,2435.424
21,2006-01-01,Fertilizante orgânico vinhaça,K,1420.664
21,2007-01-01,Fertilizante orgânico vinhaça,K,3247.232
21,2008-01-01,Fertilizante orgânico vinhaça,K,4312.73
21,2009-01-01,Fertilizante orgânico vinhaça,K,4617.158
21,2010-01-01,Fertilizante orgânico vinhaça,K,4261.992
21,2011-01-01,Fertilizante orgânico vinhaça,K,4617.158
21,2012-01-01,Fertilizante orgânico vinhaça,K,4490.313
21,2013-01-01,Fertilizante orgânico vinhaça,K,4059.04
21,2014-01-01,Fertilizante orgânico vinhaça,K,4261.992
21,2015-01-01,Fertilizante orgânico vinhaça,K,4566.42
21,2016-01-01,Fertilizante orgânico vinhaça,K,4744.003
21,2017-01-01,Fertilizante orgânico vinhaça,K,3221.863
21,2018-01-01,Fertilizante orgânico vinhaça,K,4135.147
21,2019-01-01,Fertilizante orgânico vinhaça,K,3754.612
21,2020-01-01,Fertilizante orgânico vinhaça,K,4261.992
21,2021-01-01,Fertilizante orgânico vinhaça,K,4515.682
22,2000-01-01,Fertilizante orgânico vinhaça,K,380.53499999999997
22,2001-01-01,Fertilizante orgânico vinhaça,K,431.27299999999997
22,2002-01-01,Fertilizante orgânico vinhaça,K,482.01099999999997
22,2003-01-01,Fertilizante orgânico vinhaça,K,583.487
22,2004-01-01,Fertilizante orgânico vinhaça,K,558.1179999999999
22,2005-01-01,Fertilizante orgânico vinhaça,K,482.01099999999997
22,2006-01-01,Fertilizante orgânico vinhaça,K,887.915
22,2007-01-01,Fertilizante orgânico vinhaça,K,1293.819
22,2008-01-01,Fertilizante orgânico vinhaça,K,913.284
22,2009-01-01,Fertilizante orgânico vinhaça,K,1141.605
22,2010-01-01,Fertilizante orgânico vinhaça,K,1040.129
22,2011-01-01,Fertilizante orgânico vinhaça,K,887.915
22,2012-01-01,Fertilizante orgânico vinhaça,K,938.653
22,2013-01-01,Fertilizante orgânico vinhaça,K,837.177
22,2014-01-01,Fertilizante orgânico vinhaça,K,811.808
22,2015-01-01,Fertilizante orgânico vinhaça,K,837.177
22,2016-01-01,Fertilizante orgânico vinhaça,K,837.177
22,2017-01-01,Fertilizante orgânico vinhaça,K,558.1179999999999
22,2018-01-01,Fertilizante orgânico vinhaça,K,507.38
22,2019-01-01,Fertilizante orgânico vinhaça,K,938.653
22,2020-01-01,Fertilizante orgânico vinhaça,K,1166.974
22,2021-01-01,Fertilizante orgânico vinhaça,K,989.391
23,2000-01-01,Fertilizante orgânico vinhaça,K,50.738
23,2001-01-01,Fertilizante orgânico vinhaça,K,25.369
23,2002-01-01,Fertilizante orgânico vinhaça,K,25.369
23,2003-01-01,Fertilizante orgânico vinhaça,K,25.369
23,2006-01-01,Fertilizante orgânico vinhaça,K,25.369
23,2007-01-01,Fertilizante orgânico vinhaça,K,25.369
23,2008-01-01,Fertilizante orgânico vinhaça,K,25.369
23,2009-01-01,Fertilizante orgânico vinhaça,K,228.321
23,2010-01-01,Fertilizante orgânico vinhaça,K,279.05899999999997
23,2011-01-01,Fertilizante orgânico vinhaça,K,76.107
23,2012-01-01,Fertilizante orgânico vinhaça,K,202.952
23,2013-01-01,Fertilizante orgânico vinhaça,K,101.476
23,2014-01-01,Fertilizante orgânico vinhaça,K,228.321
23,2015-01-01,Fertilizante orgânico vinhaça,K,228.321
23,2016-01-01,Fertilizante orgânico vinhaça,K,380.53499999999997
23,2017-01-01,Fertilizante orgânico vinhaça,K,126.845
24,2000-01-01,Fertilizante orgânico vinhaça,K,1750.461
24,2001-01-01,Fertilizante orgânico vinhaça,K,2384.686
24,2002-01-01,Fertilizante orgânico vinhaça,K,2029.52
24,2003-01-01,Fertilizante orgânico vinhaça,K,2511.531
24,2004-01-01,Fertilizante orgânico vinhaça,K,2410.055
24,2005-01-01,Fertilizante orgânico vinhaça,K,2257.841
24,2006-01-01,Fertilizante orgânico vinhaça,K,1877.306
24,2007-01-01,Fertilizante orgânico vinhaça,K,1978.782
24,2008-01-01,Fertilizante orgânico vinhaça,K,1243.081
24,2009-01-01,Fertilizante orgânico vinhaça,K,2917.435
24,2010-01-01,Fertilizante orgânico vinhaça,K,3095.018
24,2011-01-01,Fertilizante orgânico vinhaça,K,2105.627
24,2012-01-01,Fertilizante orgânico vinhaça,K,2689.114
24,2013-01-01,Fertilizante orgânico vinhaça,K,1826.568
24,2014-01-01,Fertilizante orgânico vinhaça,K,1446.033
24,2015-01-01,Fertilizante orgânico vinhaça,K,2257.841
24,2016-01-01,Fertilizante orgânico vinhaça,K,2257.841
24,2017-01-01,Fertilizante orgânico vinhaça,K,1547.509
24,2018-01-01,Fertilizante orgânico vinhaça,K,1978.782
24,2019-01-01,Fertilizante orgânico vinhaça,K,2663.745
24,2020-01-01,Fertilizante orgânico vinhaça,K,3145.756
24,2021-01-01,Fertilizante orgânico vinhaça,K,2993.542
25,2000-01-01,Fertilizante orgânico vinhaça,K,5124.538
25,2001-01-01,Fertilizante orgânico vinhaça,K,5530.442
25,2002-01-01,Fertilizante orgânico vinhaça,K,5758.763
25,2003-01-01,Fertilizante orgânico vinhaça,K,6088.5599999999995
25,2004-01-01,Fertilizante orgânico vinhaça,K,7052.581999999999
25,2005-01-01,Fertilizante orgânico vinhaça,K,8574.722
25,2006-01-01,Fertilizante orgânico vinhaça,K,6798.892
25,2007-01-01,Fertilizante orgânico vinhaça,K,7940.497
25,2008-01-01,Fertilizante orgânico vinhaça,K,8676.198
25,2009-01-01,Fertilizante orgânico vinhaça,K,9919.279
25,2010-01-01,Fertilizante orgânico vinhaça,K,9868.541
25,2011-01-01,Fertilizante orgânico vinhaça,K,7559.9619999999995
25,2012-01-01,Fertilizante orgânico vinhaça,K,9056.733
25,2013-01-01,Fertilizante orgânico vinhaça,K,7762.914
25,2014-01-01,Fertilizante orgânico vinhaça,K,8219.556
25,2015-01-01,Fertilizante orgânico vinhaça,K,10680.349
25,2016-01-01,Fertilizante orgânico vinhaça,K,8726.936
25,2017-01-01,Fertilizante orgânico vinhaça,K,7204.796
25,2018-01-01,Fertilizante orgânico vinhaça,K,9513.375
25,2019-01-01,Fertilizante orgânico vinhaça,K,9716.327
25,2020-01-01,Fertilizante orgânico vinhaça,K,11213.098
25,2021-01-01,Fertilizante orgânico vinhaça,K,10299.814
26,2000-01-01,Fertilizante orgânico vinhaça,K,8625.46
26,2001-01-01,Fertilizante orgânico vinhaça,K,7610.7
26,2002-01-01,Fertilizante orgânico vinhaça,K,6646.678
26,2003-01-01,Fertilizante orgânico vinhaça,K,7788.282999999999
26,2004-01-01,Fertilizante orgânico vinhaça,K,9690.958
26,2005-01-01,Fertilizante orgânico vinhaça,K,10528.135
26,2006-01-01,Fertilizante orgânico vinhaça,K,8270.294
26,2007-01-01,Fertilizante orgânico vinhaça,K,8701.567
26,2008-01-01,Fertilizante orgânico vinhaça,K,12887.452
26,2009-01-01,Fertilizante orgânico vinhaça,K,13445.57
26,2010-01-01,Fertilizante orgânico vinhaça,K,10147.6
26,2011-01-01,Fertilizante orgânico vinhaça,K,9767.065
26,2012-01-01,Fertilizante orgânico vinhaça,K,9082.101999999999
26,2013-01-01,Fertilizante orgânico vinhaça,K,6976.474999999999
26,2014-01-01,Fertilizante orgânico vinhaça,K,7534.593
26,2015-01-01,Fertilizante orgânico vinhaça,K,8879.15
26,2016-01-01,Fertilizante orgânico vinhaça,K,8879.15
26,2017-01-01,Fertilizante orgânico vinhaça,K,8498.615
26,2018-01-01,Fertilizante orgânico vinhaça,K,8244.925
26,2019-01-01,Fertilizante orgânico vinhaça,K,10959.408
26,2020-01-01,Fertilizante orgânico vinhaça,K,11466.788
26,2021-01-01,Fertilizante orgânico vinhaça,K,9082.101999999999
27,2000-01-01,Fertilizante orgânico vinhaça,K,13978.319
27,2001-01-01,Fertilizante orgânico vinhaça,K,18088.096999999998
27,2002-01-01,Fertilizante orgânico vinhaça,K,14257.378
27,2003-01-01,Fertilizante orgânico vinhaça,K,14409.592
27,2004-01-01,Fertilizante orgânico vinhaça,K,17834.407
27,2005-01-01,Fertilizante orgânico vinhaça,K,17428.503
27,2006-01-01,Fertilizante orgânico vinhaça,K,13851.474
27,2007-01-01,Fertilizante orgânico vinhaça,K,16160.053
27,2008-01-01,Fertilizante orgânico vinhaça,K,21639.757
27,2009-01-01,Fertilizante orgânico vinhaça,K,21436.805
27,2010-01-01,Fertilizante orgânico vinhaça,K,15880.994
27,2011-01-01,Fertilizante orgânico vinhaça,K,18164.203999999998
27,2012-01-01,Fertilizante orgânico vinhaça,K,17073.337
27,2013-01-01,Fertilizante orgânico vinhaça,K,13775.367
27,2014-01-01,Fertilizante orgânico vinhaça,K,12202.489
27,2015-01-01,Fertilizante orgânico vinhaça,K,14079.795
27,2016-01-01,Fertilizante orgânico vinhaça,K,9589.482
27,2017-01-01,Fertilizante orgânico vinhaça,K,9716.327
27,2018-01-01,Fertilizante orgânico vinhaça,K,8397.139
27,2019-01-01,Fertilizante orgânico vinhaça,K,12709.869
27,2020-01-01,Fertilizante orgânico vinhaça,K,12912.821
27,2021-01-01,Fertilizante orgânico vinhaça,K,10756.456
28,2000-01-01,Fertilizante orgânico vinhaça,K,1192.343
28,2001-01-01,Fertilizante orgânico vinhaça,K,1496.771
28,2002-01-01,Fertilizante orgânico vinhaça,K,1319.1879999999999
28,2003-01-01,Fertilizante orgânico vinhaça,K,1547.509
28,2004-01-01,Fertilizante orgânico vinhaça,K,1648.985
28,2005-01-01,Fertilizante orgânico vinhaça,K,1623.616
28,2006-01-01,Fertilizante orgânico vinhaça,K,1217.712
28,2007-01-01,Fertilizante orgânico vinhaça,K,1598.247
28,2008-01-01,Fertilizante orgânico vinhaça,K,1243.081
28,2009-01-01,Fertilizante orgânico vinhaça,K,2283.21
28,2010-01-01,Fertilizante orgânico vinhaça,K,1953.413
28,2011-01-01,Fertilizante orgânico vinhaça,K,2613.007
28,2012-01-01,Fertilizante orgânico vinhaça,K,3374.0769999999998
28,2013-01-01,Fertilizante orgânico vinhaça,K,2815.959
28,2014-01-01,Fertilizante orgânico vinhaça,K,2638.3759999999997
28,2015-01-01,Fertilizante orgânico vinhaça,K,3577.029
28,2016-01-01,Fertilizante orgânico vinhaça,K,2841.328
28,2017-01-01,Fertilizante orgânico vinhaça,K,1674.354
28,2018-01-01,Fertilizante orgânico vinhaça,K,1775.83
28,2019-01-01,Fertilizante orgânico vinhaça,K,2562.269
28,2020-01-01,Fertilizante orgânico vinhaça,K,2815.959
28,2021-01-01,Fertilizante orgânico vinhaça,K,2739.852
29,2000-01-01,Fertilizante orgânico vinhaça,K,1801.199
29,2001-01-01,Fertilizante orgânico vinhaça,K,1217.712
29,2002-01-01,Fertilizante orgânico vinhaça,K,1395.295
29,2003-01-01,Fertilizante orgânico vinhaça,K,1471.402
29,2004-01-01,Fertilizante orgânico vinhaça,K,1268.45
29,2005-01-01,Fertilizante orgânico vinhaça,K,1598.247
29,2006-01-01,Fertilizante orgânico vinhaça,K,2613.007
29,2007-01-01,Fertilizante orgânico vinhaça,K,2410.055
29,2008-01-01,Fertilizante orgânico vinhaça,K,3577.029
29,2009-01-01,Fertilizante orgânico vinhaça,K,3577.029
29,2010-01-01,Fertilizante orgânico vinhaça,K,2993.542
29,2011-01-01,Fertilizante orgânico vinhaça,K,3221.863
29,2012-01-01,Fertilizante orgânico vinhaça,K,2993.542
29,2013-01-01,Fertilizante orgânico vinhaça,K,3932.1949999999997
29,2014-01-01,Fertilizante orgânico vinhaça,K,4414.206
29,2015-01-01,Fertilizante orgânico vinhaça,K,6088.5599999999995
29,2016-01-01,Fertilizante orgânico vinhaça,K,5606.549
29,2017-01-01,Fertilizante orgânico vinhaça,K,2689.114
29,2018-01-01,Fertilizante orgânico vinhaça,K,4591.789
29,2019-01-01,Fertilizante orgânico vinhaça,K,6240.774
29,2020-01-01,Fertilizante orgânico vinhaça,K,6316.881
29,2021-01-01,Fertilizante orgânico vinhaça,K,6951.106
31,2000-01-01,Fertilizante orgânico vinhaça,K,16337.636
31,2001-01-01,Fertilizante orgânico vinhaça,K,12303.965
31,2002-01-01,Fertilizante orgânico vinhaça,K,13293.356
31,2003-01-01,Fertilizante orgânico vinhaça,K,16134.684
31,2004-01-01,Fertilizante orgânico vinhaça,K,19584.868
31,2005-01-01,Fertilizante orgânico vinhaça,K,20117.617
31,2006-01-01,Fertilizante orgânico vinhaça,K,24328.871
31,2007-01-01,Fertilizante orgânico vinhaça,K,32751.379
31,2008-01-01,Fertilizante orgânico vinhaça,K,45029.975
31,2009-01-01,Fertilizante orgânico vinhaça,K,55329.789
31,2010-01-01,Fertilizante orgânico vinhaça,K,57105.619
31,2011-01-01,Fertilizante orgânico vinhaça,K,64893.902
31,2012-01-01,Fertilizante orgânico vinhaça,K,52868.996
31,2013-01-01,Fertilizante orgânico vinhaça,K,50585.786
31,2014-01-01,Fertilizante orgânico vinhaça,K,67405.433
31,2015-01-01,Fertilizante orgânico vinhaça,K,69181.26299999999
31,2016-01-01,Fertilizante orgânico vinhaça,K,77857.461
31,2017-01-01,Fertilizante orgânico vinhaça,K,66999.529
31,2018-01-01,Fertilizante orgânico vinhaça,K,68749.99
31,2019-01-01,Fertilizante orgânico vinhaça,K,81789.656
31,2020-01-01,Fertilizante orgânico vinhaça,K,90491.223
31,2021-01-01,Fertilizante orgânico vinhaça,K,77603.771
32,2000-01-01,Fertilizante orgânico vinhaça,K,3196.494
32,2001-01-01,Fertilizante orgânico vinhaça,K,3830.719
32,2002-01-01,Fertilizante orgânico vinhaça,K,3323.339
32,2003-01-01,Fertilizante orgânico vinhaça,K,5149.907
32,2004-01-01,Fertilizante orgânico vinhaça,K,4667.896
32,2005-01-01,Fertilizante orgânico vinhaça,K,5910.977
32,2006-01-01,Fertilizante orgânico vinhaça,K,5961.715
32,2007-01-01,Fertilizante orgânico vinhaça,K,4388.8369999999995
32,2008-01-01,Fertilizante orgânico vinhaça,K,6392.988
32,2009-01-01,Fertilizante orgânico vinhaça,K,6976.474999999999
32,2010-01-01,Fertilizante orgânico vinhaça,K,6037.822
32,2011-01-01,Fertilizante orgânico vinhaça,K,4744.003
32,2012-01-01,Fertilizante orgânico vinhaça,K,5682.656
32,2013-01-01,Fertilizante orgânico vinhaça,K,4515.682
32,2014-01-01,Fertilizante orgânico vinhaça,K,4617.158
32,2015-01-01,Fertilizante orgânico vinhaça,K,4236.623
32,2016-01-01,Fertilizante orgânico vinhaça,K,3830.719
32,2017-01-01,Fertilizante orgânico vinhaça,K,1522.1399999999999
32,2018-01-01,Fertilizante orgânico vinhaça,K,2283.21
32,2019-01-01,Fertilizante orgânico vinhaça,K,3475.553
32,2020-01-01,Fertilizante orgânico vinhaça,K,3018.911
32,2021-01-01,Fertilizante orgânico vinhaça,K,2815.959
33,2000-01-01,Fertilizante orgânico vinhaça,K,2993.542
33,2001-01-01,Fertilizante orgânico vinhaça,K,2359.317
33,2002-01-01,Fertilizante orgânico vinhaça,K,1648.985
33,2003-01-01,Fertilizante orgânico vinhaça,K,2765.221
33,2004-01-01,Fertilizante orgânico vinhaça,K,2714.483
33,2005-01-01,Fertilizante orgânico vinhaça,K,4008.302
33,2006-01-01,Fertilizante orgânico vinhaça,K,3450.1839999999997
33,2007-01-01,Fertilizante orgânico vinhaça,K,2207.103
33,2008-01-01,Fertilizante orgânico vinhaça,K,3044.2799999999997
33,2009-01-01,Fertilizante orgânico vinhaça,K,3247.232
33,2010-01-01,Fertilizante orgânico vinhaça,K,2866.697
33,2011-01-01,Fertilizante orgânico vinhaça,K,1547.509
33,2012-01-01,Fertilizante orgânico vinhaça,K,1928.0439999999999
33,2013-01-01,Fertilizante orgânico vinhaça,K,938.653
33,2014-01-01,Fertilizante orgânico vinhaça,K,2156.365
33,2015-01-01,Fertilizante orgânico vinhaça,K,2257.841
33,2016-01-01,Fertilizante orgânico vinhaça,K,1496.771
33,2017-01-01,Fertilizante orgânico vinhaça,K,2080.258
33,2018-01-01,Fertilizante orgânico vinhaça,K,1166.974
33,2019-01-01,Fertilizante orgânico vinhaça,K,1471.402
33,2020-01-01,Fertilizante orgânico vinhaça,K,1446.033
33,2021-01-01,Fertilizante orgânico vinhaça,K,1877.306
35,2000-01-01,Fertilizante orgânico vinhaça,K,214165.098
35,2001-01-01,Fertilizante orgânico vinhaça,K,163350.991
35,2002-01-01,Fertilizante orgânico vinhaça,K,181007.815
35,2003-01-01,Fertilizante orgânico vinhaça,K,195112.979
35,2004-01-01,Fertilizante orgânico vinhaça,K,223374.04499999998
35,2005-01-01,Fertilizante orgânico vinhaça,K,231390.649
35,2006-01-01,Fertilizante orgânico vinhaça,K,252269.33599999998
35,2007-01-01,Fertilizante orgânico vinhaça,K,278196.45399999997
35,2008-01-01,Fertilizante orgânico vinhaça,K,338295.615
35,2009-01-01,Fertilizante orgânico vinhaça,K,424220.418
35,2010-01-01,Fertilizante orgânico vinhaça,K,378302.528
35,2011-01-01,Fertilizante orgânico vinhaça,K,389515.626
35,2012-01-01,Fertilizante orgânico vinhaça,K,294229.662
35,2013-01-01,Fertilizante orgânico vinhaça,K,300115.27
35,2014-01-01,Fertilizante orgânico vinhaça,K,353745.336
35,2015-01-01,Fertilizante orgânico vinhaça,K,348138.787
35,2016-01-01,Fertilizante orgânico vinhaça,K,369803.913
35,2017-01-01,Fertilizante orgânico vinhaça,K,334794.69299999997
35,2018-01-01,Fertilizante orgânico vinhaça,K,335454.287
35,2019-01-01,Fertilizante orgânico vinhaça,K,404483.336
35,2020-01-01,Fertilizante orgânico vinhaça,K,419730.105
35,2021-01-01,Fertilizante orgânico vinhaça,K,365973.194
41,2000-01-01,Fertilizante orgânico vinhaça,K,26459.867
41,2001-01-01,Fertilizante orgânico vinhaça,K,20269.831
41,2002-01-01,Fertilizante orgânico vinhaça,K,24354.239999999998
41,2003-01-01,Fertilizante orgânico vinhaça,K,24861.62
41,2004-01-01,Fertilizante orgânico vinhaça,K,30950.18
41,2005-01-01,Fertilizante orgânico vinhaça,K,30468.168999999998
41,2006-01-01,Fertilizante orgânico vinhaça,K,26383.76
41,2007-01-01,Fertilizante orgânico vinhaça,K,33537.818
41,2008-01-01,Fertilizante orgânico vinhaça,K,47160.971
41,2009-01-01,Fertilizante orgânico vinhaça,K,51981.081
41,2010-01-01,Fertilizante orgânico vinhaça,K,47820.565
41,2011-01-01,Fertilizante orgânico vinhaça,K,41072.411
41,2012-01-01,Fertilizante orgânico vinhaça,K,35567.337999999996
41,2013-01-01,Fertilizante orgânico vinhaça,K,32954.331
41,2014-01-01,Fertilizante orgânico vinhaça,K,37749.072
41,2015-01-01,Fertilizante orgânico vinhaça,K,41452.945999999996
41,2016-01-01,Fertilizante orgânico vinhaça,K,39930.806
41,2017-01-01,Fertilizante orgânico vinhaça,K,34374.995
41,2018-01-01,Fertilizante orgânico vinhaça,K,32193.261
41,2019-01-01,Fertilizante orgânico vinhaça,K,40970.935
41,2020-01-01,Fertilizante orgânico vinhaça,K,42087.171
41,2021-01-01,Fertilizante orgânico vinhaça,K,31990.309
43,2002-01-01,Fertilizante orgânico vinhaça,K,126.845
43,2003-01-01,Fertilizante orgânico vinhaça,K,152.214
43,2004-01-01,Fertilizante orgânico vinhaça,K,152.214
43,2005-01-01,Fertilizante orgânico vinhaça,K,126.845
43,2006-01-01,Fertilizante orgânico vinhaça,K,76.107
43,2007-01-01,Fertilizante orgânico vinhaça,K,152.214
43,2008-01-01,Fertilizante orgânico vinhaça,K,177.583
43,2009-01-01,Fertilizante orgânico vinhaça,K,152.214
43,2010-01-01,Fertilizante orgânico vinhaça,K,50.738
43,2011-01-01,Fertilizante orgânico vinhaça,K,152.214
43,2012-01-01,Fertilizante orgânico vinhaça,K,177.583
43,2013-01-01,Fertilizante orgânico vinhaça,K,50.738
43,2014-01-01,Fertilizante orgânico vinhaça,K,126.845
43,2015-01-01,Fertilizante orgânico vinhaça,K,101.476
43,2016-01-01,Fertilizante orgânico vinhaça,K,101.476
43,2017-01-01,Fertilizante orgânico vinhaça,K,76.107
43,2018-01-01,Fertilizante orgânico vinhaça,K,50.738
43,2019-01-01,Fertilizante orgânico vinhaça,K,50.738
43,2020-01-01,Fertilizante orgânico vinhaça,K,50.738
50,2000-01-01,Fertilizante orgânico vinhaça,K,9411.899
50,2001-01-01,Fertilizante orgânico vinhaça,K,7991.235
50,2002-01-01,Fertilizante orgânico vinhaça,K,10071.493
50,2003-01-01,Fertilizante orgânico vinhaça,K,10604.242
50,2004-01-01,Fertilizante orgânico vinhaça,K,12177.119999999999
50,2005-01-01,Fertilizante orgânico vinhaça,K,13217.249
50,2006-01-01,Fertilizante orgânico vinhaça,K,12583.024
50,2007-01-01,Fertilizante orgânico vinhaça,K,16261.529
50,2008-01-01,Fertilizante orgânico vinhaça,K,22248.613
50,2009-01-01,Fertilizante orgânico vinhaça,K,27297.043999999998
50,2010-01-01,Fertilizante orgânico vinhaça,K,31990.309
50,2011-01-01,Fertilizante orgânico vinhaça,K,46907.281
50,2012-01-01,Fertilizante orgânico vinhaça,K,41376.839
50,2013-01-01,Fertilizante orgânico vinhaça,K,48632.373
50,2014-01-01,Fertilizante orgânico vinhaça,K,56598.239
50,2015-01-01,Fertilizante orgânico vinhaça,K,63600.083
50,2016-01-01,Fertilizante orgânico vinhaça,K,70449.713
50,2017-01-01,Fertilizante orgânico vinhaça,K,68724.621
50,2018-01-01,Fertilizante orgânico vinhaça,K,66771.208
50,2019-01-01,Fertilizante orgânico vinhaça,K,83108.844
50,2020-01-01,Fertilizante orgânico vinhaça,K,84529.508
50,2021-01-01,Fertilizante orgânico vinhaça,K,72656.81599999999
51,2000-01-01,Fertilizante orgânico vinhaça,K,13800.735999999999
51,2001-01-01,Fertilizante orgânico vinhaça,K,11771.216
51,2002-01-01,Fertilizante orgânico vinhaça,K,14714.02
51,2003-01-01,Fertilizante orgânico vinhaça,K,16591.326
51,2004-01-01,Fertilizante orgânico vinhaça,K,20092.248
51,2005-01-01,Fertilizante orgânico vinhaça,K,20650.365999999998
51,2006-01-01,Fertilizante orgânico vinhaça,K,19559.499
51,2007-01-01,Fertilizante orgânico vinhaça,K,19204.333
51,2008-01-01,Fertilizante orgânico vinhaça,K,22679.886
51,2009-01-01,Fertilizante orgânico vinhaça,K,24151.288
51,2010-01-01,Fertilizante orgânico vinhaça,K,20954.793999999998
51,2011-01-01,Fertilizante orgânico vinhaça,K,21741.233
51,2012-01-01,Fertilizante orgânico vinhaça,K,21411.435999999998
51,2013-01-01,Fertilizante orgânico vinhaça,K,24734.774999999998
51,2014-01-01,Fertilizante orgânico vinhaça,K,28007.376
51,2015-01-01,Fertilizante orgânico vinhaça,K,29656.361
51,2016-01-01,Fertilizante orgânico vinhaça,K,33639.294
51,2017-01-01,Fertilizante orgânico vinhaça,K,30975.549
51,2018-01-01,Fertilizante orgânico vinhaça,K,38028.131
51,2019-01-01,Fertilizante orgânico vinhaça,K,45765.676
51,2020-01-01,Fertilizante orgânico vinhaça,K,62027.205
51,2021-01-01,Fertilizante orgânico vinhaça,K,84377.294
52,2000-01-01,Fertilizante orgânico vinhaça,K,7991.235
52,2001-01-01,Fertilizante orgânico vinhaça,K,8067.342
52,2002-01-01,Fertilizante orgânico vinhaça,K,9614.851
52,2003-01-01,Fertilizante orgânico vinhaça,K,11542.895
52,2004-01-01,Fertilizante orgânico vinhaça,K,16388.374
52,2005-01-01,Fertilizante orgânico vinhaça,K,18189.573
52,2006-01-01,Fertilizante orgânico vinhaça,K,18494.001
52,2007-01-01,Fertilizante orgânico vinhaça,K,20853.318
52,2008-01-01,Fertilizante orgânico vinhaça,K,30797.966
52,2009-01-01,Fertilizante orgânico vinhaça,K,43786.894
52,2010-01-01,Fertilizante orgânico vinhaça,K,55710.324
52,2011-01-01,Fertilizante orgânico vinhaça,K,73443.255
52,2012-01-01,Fertilizante orgânico vinhaça,K,67912.813
52,2013-01-01,Fertilizante orgânico vinhaça,K,79404.97
52,2014-01-01,Fertilizante orgânico vinhaça,K,98406.351
52,2015-01-01,Fertilizante orgânico vinhaça,K,106828.859
52,2016-01-01,Fertilizante orgânico vinhaça,K,118955.241
52,2017-01-01,Fertilizante orgânico vinhaça,K,111217.696
52,2018-01-01,Fertilizante orgânico vinhaça,K,117154.042
52,2019-01-01,Fertilizante orgânico vinhaça,K,124105.148
52,2020-01-01,Fertilizante orgânico vinhaça,K,140366.677
52,2021-01-01,Fertilizante orgânico vinhaça,K,132958.929
